ISO-10303-21;
HEADER;
/* Generated by software containing ST-Developer
 * from STEP Tools, Inc. (www.steptools.com) 
 */

FILE_DESCRIPTION(
/* description */ (''),
/* implementation_level */ '2;1');

FILE_NAME(
/* name */ 'string retractor holder.step',
/* time_stamp */ '2026-05-26T09:04:48-04:00',
/* author */ (''),
/* organization */ (''),
/* preprocessor_version */ 'ST-DEVELOPER v20.1',
/* originating_system */ 'Autodesk Translation Framework v15.8.0.0',
/* authorisation */ '');

FILE_SCHEMA (('AUTOMOTIVE_DESIGN { 1 0 10303 214 3 1 1 }'));
ENDSEC;

DATA;
#10=MECHANICAL_DESIGN_GEOMETRIC_PRESENTATION_REPRESENTATION('',(#13,#14),
#2156);
#11=SHAPE_REPRESENTATION_RELATIONSHIP('SRR','None',#2162,#12);
#12=ADVANCED_BREP_SHAPE_REPRESENTATION('',(#15,#16),#2155);
#13=STYLED_ITEM('',(#2171),#15);
#14=STYLED_ITEM('',(#2171),#16);
#15=MANIFOLD_SOLID_BREP('Body3',#1175);
#16=MANIFOLD_SOLID_BREP('Body5',#1176);
#17=FACE_BOUND('',#171,.T.);
#18=FACE_BOUND('',#200,.T.);
#19=FACE_BOUND('',#202,.T.);
#20=FACE_BOUND('',#204,.T.);
#21=FACE_BOUND('',#222,.T.);
#22=FACE_BOUND('',#226,.T.);
#23=B_SPLINE_CURVE_WITH_KNOTS('',3,(#1755,#1756,#1757,#1758,#1759,#1760,
#1761,#1762,#1763,#1764),.UNSPECIFIED.,.F.,.F.,(4,2,2,2,4),(0.133343094818996,
0.144462529364077,0.155577053576972,0.166685935280797,0.177790271982474),
 .UNSPECIFIED.);
#24=B_SPLINE_CURVE_WITH_KNOTS('',3,(#1768,#1769,#1770,#1771,#1772,#1773,
#1774,#1775,#1776,#1777),.UNSPECIFIED.,.F.,.F.,(4,2,2,2,4),(0.17779025995416,
0.188894597119371,0.200003478555859,0.211118001593725,0.222237434173534),
 .UNSPECIFIED.);
#25=B_SPLINE_CURVE_WITH_KNOTS('',3,(#1815,#1816,#1817,#1818,#1819,#1820,
#1821,#1822,#1823,#1824),.UNSPECIFIED.,.F.,.F.,(4,2,2,2,4),(0.133343085734786,
0.144462518314594,0.15557704135246,0.166685922788949,0.17779025995416),
 .UNSPECIFIED.);
#26=B_SPLINE_CURVE_WITH_KNOTS('',3,(#1831,#1832,#1833,#1834,#1835,#1836,
#1837,#1838,#1839,#1840),.UNSPECIFIED.,.F.,.F.,(4,2,2,2,4),(0.177790271982474,
0.188894608684152,0.200003490387977,0.211118014600872,0.222237449145953),
 .UNSPECIFIED.);
#27=B_SPLINE_CURVE_WITH_KNOTS('',3,(#1873,#1874,#1875,#1876,#1877,#1878,
#1879,#1880,#1881,#1882),.UNSPECIFIED.,.F.,.F.,(4,2,2,2,4),(0.133343094818996,
0.144462529364077,0.155577053576972,0.166685935280797,0.177790271982474),
 .UNSPECIFIED.);
#28=B_SPLINE_CURVE_WITH_KNOTS('',3,(#1885,#1886,#1887,#1888,#1889,#1890,
#1891,#1892,#1893,#1894),.UNSPECIFIED.,.F.,.F.,(4,2,2,2,4),(0.177790271982474,
0.188894608684152,0.200003490387977,0.211118014600872,0.222237449145953),
 .UNSPECIFIED.);
#29=B_SPLINE_CURVE_WITH_KNOTS('',3,(#1898,#1899,#1900,#1901,#1902,#1903,
#1904,#1905,#1906,#1907),.UNSPECIFIED.,.F.,.F.,(4,2,2,2,4),(0.133343094818996,
0.144462529364077,0.155577053576972,0.166685935280797,0.177790271982474),
 .UNSPECIFIED.);
#30=B_SPLINE_CURVE_WITH_KNOTS('',3,(#1911,#1912,#1913,#1914,#1915,#1916,
#1917,#1918,#1919,#1920),.UNSPECIFIED.,.F.,.F.,(4,2,2,2,4),(0.177790271982474,
0.188894608684152,0.200003490387977,0.211118014600872,0.222237449145953),
 .UNSPECIFIED.);
#31=B_SPLINE_CURVE_WITH_KNOTS('',3,(#1924,#1925,#1926,#1927,#1928,#1929,
#1930,#1931,#1932,#1933),.UNSPECIFIED.,.F.,.F.,(4,2,2,2,4),(0.133343086802405,
0.144462519613181,0.155577042789142,0.166685924257049,0.177790261367784),
 .UNSPECIFIED.);
#32=B_SPLINE_CURVE_WITH_KNOTS('',3,(#1936,#1937,#1938,#1939,#1940,#1941,
#1942,#1943,#1944,#1945),.UNSPECIFIED.,.F.,.F.,(4,2,2,2,4),(0.177790271982474,
0.188894608684152,0.200003490387977,0.211118014600872,0.222237449145953),
 .UNSPECIFIED.);
#33=B_SPLINE_CURVE_WITH_KNOTS('',3,(#1949,#1950,#1951,#1952,#1953,#1954,
#1955,#1956,#1957,#1958),.UNSPECIFIED.,.F.,.F.,(4,2,2,2,4),(0.133343094818996,
0.144462529364077,0.155577053576972,0.166685935280797,0.177790271982474),
 .UNSPECIFIED.);
#34=B_SPLINE_CURVE_WITH_KNOTS('',3,(#1962,#1963,#1964,#1965,#1966,#1967,
#1968,#1969,#1970,#1971),.UNSPECIFIED.,.F.,.F.,(4,2,2,2,4),(0.177790261367784,
0.188894598478518,0.200003479946425,0.211118003122386,0.222237435933163),
 .UNSPECIFIED.);
#35=B_SPLINE_CURVE_WITH_KNOTS('',3,(#1975,#1976,#1977,#1978,#1979,#1980,
#1981,#1982,#1983,#1984),.UNSPECIFIED.,.F.,.F.,(4,2,2,2,4),(0.133343103903941,
0.144462540414453,0.155577065802472,0.166685947773656,0.177790284011761),
 .UNSPECIFIED.);
#36=B_SPLINE_CURVE_WITH_KNOTS('',3,(#1987,#1988,#1989,#1990,#1991,#1992,
#1993,#1994,#1995,#1996),.UNSPECIFIED.,.F.,.F.,(4,2,2,2,4),(0.177790282597923,
0.188894618890513,0.200003500830273,0.211118026080176,0.222237462359685),
 .UNSPECIFIED.);
#37=B_SPLINE_CURVE_WITH_KNOTS('',3,(#2005,#2006,#2007,#2008,#2009,#2010,
#2011,#2012,#2013,#2014),.UNSPECIFIED.,.F.,.F.,(4,2,2,2,4),(0.177790284011761,
0.188894620249867,0.200003502221049,0.211118027609069,0.222237464119581),
 .UNSPECIFIED.);
#38=B_SPLINE_CURVE_WITH_KNOTS('',3,(#2016,#2017,#2018,#2019,#2020,#2021,
#2022,#2023,#2024,#2025),.UNSPECIFIED.,.F.,.F.,(4,2,2,2,4),(0.13334310283616,
0.144462539115669,0.155577064365572,0.166685946305332,0.177790282597923),
 .UNSPECIFIED.);
#39=TOROIDAL_SURFACE('',#1211,12.2,0.3);
#40=TOROIDAL_SURFACE('',#1224,12.2,0.3);
#41=TOROIDAL_SURFACE('',#1235,12.2,0.3);
#42=TOROIDAL_SURFACE('',#1238,12.2,0.3);
#43=TOROIDAL_SURFACE('',#1240,12.2,0.3);
#44=TOROIDAL_SURFACE('',#1243,12.2,0.3);
#45=TOROIDAL_SURFACE('',#1245,12.2,0.3);
#46=TOROIDAL_SURFACE('',#1250,12.2,0.3);
#47=PLANE('',#1186);
#48=PLANE('',#1187);
#49=PLANE('',#1193);
#50=PLANE('',#1209);
#51=PLANE('',#1210);
#52=PLANE('',#1214);
#53=PLANE('',#1223);
#54=PLANE('',#1227);
#55=PLANE('',#1237);
#56=PLANE('',#1242);
#57=PLANE('',#1249);
#58=PLANE('',#1251);
#59=PLANE('',#1254);
#60=PLANE('',#1257);
#61=PLANE('',#1259);
#62=PLANE('',#1267);
#63=PLANE('',#1268);
#64=PLANE('',#1269);
#65=PLANE('',#1270);
#66=PLANE('',#1277);
#67=PLANE('',#1278);
#68=PLANE('',#1280);
#69=PLANE('',#1286);
#70=PLANE('',#1303);
#71=PLANE('',#1307);
#72=PLANE('',#1308);
#73=PLANE('',#1309);
#74=SPHERICAL_SURFACE('',#1181,0.5);
#75=SPHERICAL_SURFACE('',#1191,0.5);
#76=SPHERICAL_SURFACE('',#1194,0.499999999999998);
#77=SPHERICAL_SURFACE('',#1198,0.5);
#78=SPHERICAL_SURFACE('',#1274,0.5);
#79=SPHERICAL_SURFACE('',#1283,0.5);
#80=SPHERICAL_SURFACE('',#1287,0.499999999999999);
#81=SPHERICAL_SURFACE('',#1291,0.5);
#82=FACE_OUTER_BOUND('',#152,.T.);
#83=FACE_OUTER_BOUND('',#153,.T.);
#84=FACE_OUTER_BOUND('',#154,.T.);
#85=FACE_OUTER_BOUND('',#155,.T.);
#86=FACE_OUTER_BOUND('',#156,.T.);
#87=FACE_OUTER_BOUND('',#157,.T.);
#88=FACE_OUTER_BOUND('',#158,.T.);
#89=FACE_OUTER_BOUND('',#159,.T.);
#90=FACE_OUTER_BOUND('',#160,.T.);
#91=FACE_OUTER_BOUND('',#161,.T.);
#92=FACE_OUTER_BOUND('',#162,.T.);
#93=FACE_OUTER_BOUND('',#163,.T.);
#94=FACE_OUTER_BOUND('',#164,.T.);
#95=FACE_OUTER_BOUND('',#165,.T.);
#96=FACE_OUTER_BOUND('',#166,.T.);
#97=FACE_OUTER_BOUND('',#167,.T.);
#98=FACE_OUTER_BOUND('',#168,.T.);
#99=FACE_OUTER_BOUND('',#169,.T.);
#100=FACE_OUTER_BOUND('',#170,.T.);
#101=FACE_OUTER_BOUND('',#172,.T.);
#102=FACE_OUTER_BOUND('',#173,.T.);
#103=FACE_OUTER_BOUND('',#174,.T.);
#104=FACE_OUTER_BOUND('',#175,.T.);
#105=FACE_OUTER_BOUND('',#176,.T.);
#106=FACE_OUTER_BOUND('',#177,.T.);
#107=FACE_OUTER_BOUND('',#178,.T.);
#108=FACE_OUTER_BOUND('',#179,.T.);
#109=FACE_OUTER_BOUND('',#180,.T.);
#110=FACE_OUTER_BOUND('',#181,.T.);
#111=FACE_OUTER_BOUND('',#182,.T.);
#112=FACE_OUTER_BOUND('',#183,.T.);
#113=FACE_OUTER_BOUND('',#184,.T.);
#114=FACE_OUTER_BOUND('',#185,.T.);
#115=FACE_OUTER_BOUND('',#186,.T.);
#116=FACE_OUTER_BOUND('',#187,.T.);
#117=FACE_OUTER_BOUND('',#188,.T.);
#118=FACE_OUTER_BOUND('',#189,.T.);
#119=FACE_OUTER_BOUND('',#190,.T.);
#120=FACE_OUTER_BOUND('',#191,.T.);
#121=FACE_OUTER_BOUND('',#192,.T.);
#122=FACE_OUTER_BOUND('',#193,.T.);
#123=FACE_OUTER_BOUND('',#194,.T.);
#124=FACE_OUTER_BOUND('',#195,.T.);
#125=FACE_OUTER_BOUND('',#196,.T.);
#126=FACE_OUTER_BOUND('',#197,.T.);
#127=FACE_OUTER_BOUND('',#198,.T.);
#128=FACE_OUTER_BOUND('',#199,.T.);
#129=FACE_OUTER_BOUND('',#201,.T.);
#130=FACE_OUTER_BOUND('',#203,.T.);
#131=FACE_OUTER_BOUND('',#205,.T.);
#132=FACE_OUTER_BOUND('',#206,.T.);
#133=FACE_OUTER_BOUND('',#207,.T.);
#134=FACE_OUTER_BOUND('',#208,.T.);
#135=FACE_OUTER_BOUND('',#209,.T.);
#136=FACE_OUTER_BOUND('',#210,.T.);
#137=FACE_OUTER_BOUND('',#211,.T.);
#138=FACE_OUTER_BOUND('',#212,.T.);
#139=FACE_OUTER_BOUND('',#213,.T.);
#140=FACE_OUTER_BOUND('',#214,.T.);
#141=FACE_OUTER_BOUND('',#215,.T.);
#142=FACE_OUTER_BOUND('',#216,.T.);
#143=FACE_OUTER_BOUND('',#217,.T.);
#144=FACE_OUTER_BOUND('',#218,.T.);
#145=FACE_OUTER_BOUND('',#219,.T.);
#146=FACE_OUTER_BOUND('',#220,.T.);
#147=FACE_OUTER_BOUND('',#221,.T.);
#148=FACE_OUTER_BOUND('',#223,.T.);
#149=FACE_OUTER_BOUND('',#224,.T.);
#150=FACE_OUTER_BOUND('',#225,.T.);
#151=FACE_OUTER_BOUND('',#227,.T.);
#152=EDGE_LOOP('',(#742,#743,#744,#745));
#153=EDGE_LOOP('',(#746,#747,#748));
#154=EDGE_LOOP('',(#749,#750,#751,#752));
#155=EDGE_LOOP('',(#753,#754,#755,#756));
#156=EDGE_LOOP('',(#757,#758,#759,#760,#761,#762));
#157=EDGE_LOOP('',(#763,#764,#765,#766));
#158=EDGE_LOOP('',(#767,#768,#769));
#159=EDGE_LOOP('',(#770,#771,#772,#773,#774,#775,#776));
#160=EDGE_LOOP('',(#777,#778,#779));
#161=EDGE_LOOP('',(#780,#781,#782));
#162=EDGE_LOOP('',(#783,#784,#785,#786));
#163=EDGE_LOOP('',(#787,#788,#789,#790));
#164=EDGE_LOOP('',(#791,#792,#793,#794));
#165=EDGE_LOOP('',(#795,#796,#797,#798));
#166=EDGE_LOOP('',(#799,#800,#801,#802));
#167=EDGE_LOOP('',(#803,#804,#805,#806,#807,#808,#809));
#168=EDGE_LOOP('',(#810,#811,#812,#813));
#169=EDGE_LOOP('',(#814,#815,#816,#817));
#170=EDGE_LOOP('',(#818,#819,#820,#821,#822,#823,#824,#825,#826,#827,#828,
#829,#830,#831,#832,#833));
#171=EDGE_LOOP('',(#834));
#172=EDGE_LOOP('',(#835,#836,#837,#838,#839,#840));
#173=EDGE_LOOP('',(#841,#842,#843,#844));
#174=EDGE_LOOP('',(#845,#846,#847,#848,#849,#850,#851,#852,#853,#854,#855,
#856,#857,#858,#859,#860));
#175=EDGE_LOOP('',(#861,#862,#863,#864));
#176=EDGE_LOOP('',(#865,#866,#867,#868,#869,#870));
#177=EDGE_LOOP('',(#871,#872,#873,#874));
#178=EDGE_LOOP('',(#875,#876,#877,#878));
#179=EDGE_LOOP('',(#879,#880,#881,#882,#883,#884));
#180=EDGE_LOOP('',(#885,#886,#887,#888));
#181=EDGE_LOOP('',(#889,#890,#891,#892));
#182=EDGE_LOOP('',(#893,#894,#895,#896));
#183=EDGE_LOOP('',(#897,#898,#899,#900,#901,#902));
#184=EDGE_LOOP('',(#903,#904,#905,#906));
#185=EDGE_LOOP('',(#907,#908,#909,#910,#911,#912));
#186=EDGE_LOOP('',(#913,#914,#915,#916));
#187=EDGE_LOOP('',(#917,#918,#919,#920));
#188=EDGE_LOOP('',(#921,#922,#923,#924,#925,#926));
#189=EDGE_LOOP('',(#927,#928,#929,#930));
#190=EDGE_LOOP('',(#931,#932,#933,#934));
#191=EDGE_LOOP('',(#935,#936,#937,#938,#939,#940));
#192=EDGE_LOOP('',(#941,#942,#943,#944));
#193=EDGE_LOOP('',(#945,#946,#947,#948,#949,#950));
#194=EDGE_LOOP('',(#951,#952,#953,#954));
#195=EDGE_LOOP('',(#955,#956,#957,#958));
#196=EDGE_LOOP('',(#959,#960,#961,#962));
#197=EDGE_LOOP('',(#963,#964,#965,#966));
#198=EDGE_LOOP('',(#967,#968,#969,#970));
#199=EDGE_LOOP('',(#971,#972,#973,#974));
#200=EDGE_LOOP('',(#975));
#201=EDGE_LOOP('',(#976,#977,#978,#979,#980,#981));
#202=EDGE_LOOP('',(#982));
#203=EDGE_LOOP('',(#983,#984,#985,#986));
#204=EDGE_LOOP('',(#987));
#205=EDGE_LOOP('',(#988,#989,#990,#991));
#206=EDGE_LOOP('',(#992,#993,#994));
#207=EDGE_LOOP('',(#995,#996,#997,#998,#999,#1000));
#208=EDGE_LOOP('',(#1001,#1002,#1003,#1004,#1005,#1006));
#209=EDGE_LOOP('',(#1007,#1008,#1009,#1010));
#210=EDGE_LOOP('',(#1011,#1012,#1013,#1014));
#211=EDGE_LOOP('',(#1015,#1016,#1017));
#212=EDGE_LOOP('',(#1018,#1019,#1020,#1021,#1022,#1023));
#213=EDGE_LOOP('',(#1024,#1025,#1026));
#214=EDGE_LOOP('',(#1027,#1028,#1029));
#215=EDGE_LOOP('',(#1030,#1031,#1032,#1033));
#216=EDGE_LOOP('',(#1034,#1035,#1036,#1037));
#217=EDGE_LOOP('',(#1038,#1039,#1040,#1041));
#218=EDGE_LOOP('',(#1042,#1043,#1044,#1045));
#219=EDGE_LOOP('',(#1046,#1047,#1048,#1049));
#220=EDGE_LOOP('',(#1050,#1051,#1052,#1053));
#221=EDGE_LOOP('',(#1054,#1055,#1056,#1057));
#222=EDGE_LOOP('',(#1058));
#223=EDGE_LOOP('',(#1059,#1060,#1061,#1062));
#224=EDGE_LOOP('',(#1063,#1064,#1065,#1066));
#225=EDGE_LOOP('',(#1067,#1068,#1069,#1070,#1071,#1072));
#226=EDGE_LOOP('',(#1073));
#227=EDGE_LOOP('',(#1074,#1075,#1076,#1077));
#228=CIRCLE('',#1180,0.5);
#229=CIRCLE('',#1182,0.500000000000001);
#230=CIRCLE('',#1183,0.5);
#231=CIRCLE('',#1185,0.500000000000001);
#232=CIRCLE('',#1190,0.499999999999998);
#233=CIRCLE('',#1192,0.500000000000001);
#234=CIRCLE('',#1195,0.5);
#235=CIRCLE('',#1196,0.499999999999998);
#236=CIRCLE('',#1197,0.499999999999998);
#237=CIRCLE('',#1199,0.5);
#238=CIRCLE('',#1200,0.5);
#239=CIRCLE('',#1201,0.5);
#240=CIRCLE('',#1203,0.5);
#241=CIRCLE('',#1208,0.5);
#242=CIRCLE('',#1212,12.5);
#243=CIRCLE('',#1213,12.2);
#244=CIRCLE('',#1215,0.5);
#245=CIRCLE('',#1216,12.2);
#246=CIRCLE('',#1217,0.5);
#247=CIRCLE('',#1218,12.2);
#248=CIRCLE('',#1219,0.5);
#249=CIRCLE('',#1220,12.2);
#250=CIRCLE('',#1221,0.5);
#251=CIRCLE('',#1222,7.5);
#252=CIRCLE('',#1225,12.2);
#253=CIRCLE('',#1226,12.5);
#254=CIRCLE('',#1228,0.5);
#255=CIRCLE('',#1229,12.2);
#256=CIRCLE('',#1230,0.5);
#257=CIRCLE('',#1231,12.2);
#258=CIRCLE('',#1232,0.5);
#259=CIRCLE('',#1233,12.2);
#260=CIRCLE('',#1234,0.5);
#261=CIRCLE('',#1236,12.5);
#262=CIRCLE('',#1239,12.5);
#263=CIRCLE('',#1241,12.5);
#264=CIRCLE('',#1244,12.5);
#265=CIRCLE('',#1246,12.5);
#266=CIRCLE('',#1248,12.5);
#267=CIRCLE('',#1263,7.5);
#268=CIRCLE('',#1265,2.117);
#269=CIRCLE('',#1273,0.5);
#270=CIRCLE('',#1275,0.5);
#271=CIRCLE('',#1276,0.499999999999999);
#272=CIRCLE('',#1282,0.500000000000003);
#273=CIRCLE('',#1284,0.499999999999999);
#274=CIRCLE('',#1285,0.500000000000001);
#275=CIRCLE('',#1288,0.5);
#276=CIRCLE('',#1289,0.499999999999999);
#277=CIRCLE('',#1290,0.499999999999998);
#278=CIRCLE('',#1292,0.5);
#279=CIRCLE('',#1293,0.5);
#280=CIRCLE('',#1294,0.5);
#281=CIRCLE('',#1297,0.5);
#282=CIRCLE('',#1300,0.5);
#283=CIRCLE('',#1304,2.75);
#284=CIRCLE('',#1306,2.75);
#285=LINE('',#1672,#375);
#286=LINE('',#1675,#376);
#287=LINE('',#1682,#377);
#288=LINE('',#1685,#378);
#289=LINE('',#1688,#379);
#290=LINE('',#1689,#380);
#291=LINE('',#1692,#381);
#292=LINE('',#1694,#382);
#293=LINE('',#1696,#383);
#294=LINE('',#1700,#384);
#295=LINE('',#1706,#385);
#296=LINE('',#1708,#386);
#297=LINE('',#1710,#387);
#298=LINE('',#1712,#388);
#299=LINE('',#1713,#389);
#300=LINE('',#1731,#390);
#301=LINE('',#1732,#391);
#302=LINE('',#1734,#392);
#303=LINE('',#1735,#393);
#304=LINE('',#1737,#394);
#305=LINE('',#1739,#395);
#306=LINE('',#1740,#396);
#307=LINE('',#1744,#397);
#308=LINE('',#1747,#398);
#309=LINE('',#1749,#399);
#310=LINE('',#1750,#400);
#311=LINE('',#1781,#401);
#312=LINE('',#1785,#402);
#313=LINE('',#1789,#403);
#314=LINE('',#1793,#404);
#315=LINE('',#1797,#405);
#316=LINE('',#1801,#406);
#317=LINE('',#1805,#407);
#318=LINE('',#1808,#408);
#319=LINE('',#1813,#409);
#320=LINE('',#1826,#410);
#321=LINE('',#1827,#411);
#322=LINE('',#1845,#412);
#323=LINE('',#1849,#413);
#324=LINE('',#1853,#414);
#325=LINE('',#1857,#415);
#326=LINE('',#1861,#416);
#327=LINE('',#1865,#417);
#328=LINE('',#1869,#418);
#329=LINE('',#1897,#419);
#330=LINE('',#1908,#420);
#331=LINE('',#1948,#421);
#332=LINE('',#1959,#422);
#333=LINE('',#1999,#423);
#334=LINE('',#2002,#424);
#335=LINE('',#2004,#425);
#336=LINE('',#2027,#426);
#337=LINE('',#2028,#427);
#338=LINE('',#2031,#428);
#339=LINE('',#2033,#429);
#340=LINE('',#2037,#430);
#341=LINE('',#2039,#431);
#342=LINE('',#2041,#432);
#343=LINE('',#2046,#433);
#344=LINE('',#2052,#434);
#345=LINE('',#2055,#435);
#346=LINE('',#2057,#436);
#347=LINE('',#2059,#437);
#348=LINE('',#2066,#438);
#349=LINE('',#2069,#439);
#350=LINE('',#2076,#440);
#351=LINE('',#2078,#441);
#352=LINE('',#2080,#442);
#353=LINE('',#2082,#443);
#354=LINE('',#2083,#444);
#355=LINE('',#2086,#445);
#356=LINE('',#2090,#446);
#357=LINE('',#2091,#447);
#358=LINE('',#2094,#448);
#359=LINE('',#2095,#449);
#360=LINE('',#2099,#450);
#361=LINE('',#2106,#451);
#362=LINE('',#2108,#452);
#363=LINE('',#2110,#453);
#364=LINE('',#2111,#454);
#365=LINE('',#2125,#455);
#366=LINE('',#2129,#456);
#367=LINE('',#2131,#457);
#368=LINE('',#2132,#458);
#369=LINE('',#2136,#459);
#370=LINE('',#2138,#460);
#371=LINE('',#2140,#461);
#372=LINE('',#2146,#462);
#373=LINE('',#2149,#463);
#374=LINE('',#2151,#464);
#375=VECTOR('',#1316,10.);
#376=VECTOR('',#1319,10.);
#377=VECTOR('',#1328,10.);
#378=VECTOR('',#1331,10.);
#379=VECTOR('',#1334,10.);
#380=VECTOR('',#1335,10.);
#381=VECTOR('',#1338,10.);
#382=VECTOR('',#1339,10.);
#383=VECTOR('',#1340,10.);
#384=VECTOR('',#1345,10.);
#385=VECTOR('',#1354,10.);
#386=VECTOR('',#1355,10.);
#387=VECTOR('',#1356,10.);
#388=VECTOR('',#1357,10.);
#389=VECTOR('',#1358,10.);
#390=VECTOR('',#1379,10.);
#391=VECTOR('',#1380,10.);
#392=VECTOR('',#1383,10.);
#393=VECTOR('',#1384,10.);
#394=VECTOR('',#1387,10.);
#395=VECTOR('',#1390,10.);
#396=VECTOR('',#1391,10.);
#397=VECTOR('',#1396,10.);
#398=VECTOR('',#1399,10.);
#399=VECTOR('',#1400,10.);
#400=VECTOR('',#1401,10.);
#401=VECTOR('',#1412,10.);
#402=VECTOR('',#1415,10.);
#403=VECTOR('',#1418,10.);
#404=VECTOR('',#1421,10.);
#405=VECTOR('',#1424,10.);
#406=VECTOR('',#1427,10.);
#407=VECTOR('',#1430,10.);
#408=VECTOR('',#1433,10.);
#409=VECTOR('',#1438,10.);
#410=VECTOR('',#1439,10.);
#411=VECTOR('',#1440,10.);
#412=VECTOR('',#1449,10.);
#413=VECTOR('',#1452,10.);
#414=VECTOR('',#1455,10.);
#415=VECTOR('',#1458,10.);
#416=VECTOR('',#1461,10.);
#417=VECTOR('',#1464,10.);
#418=VECTOR('',#1467,10.);
#419=VECTOR('',#1476,10.);
#420=VECTOR('',#1477,10.);
#421=VECTOR('',#1488,10.);
#422=VECTOR('',#1489,10.);
#423=VECTOR('',#1500,10.);
#424=VECTOR('',#1503,10.);
#425=VECTOR('',#1506,10.);
#426=VECTOR('',#1511,10.);
#427=VECTOR('',#1512,10.);
#428=VECTOR('',#1517,10.);
#429=VECTOR('',#1520,10.);
#430=VECTOR('',#1527,10.);
#431=VECTOR('',#1530,10.);
#432=VECTOR('',#1533,10.);
#433=VECTOR('',#1540,7.5);
#434=VECTOR('',#1547,2.117);
#435=VECTOR('',#1552,10.);
#436=VECTOR('',#1555,10.);
#437=VECTOR('',#1558,10.);
#438=VECTOR('',#1565,10.);
#439=VECTOR('',#1568,10.);
#440=VECTOR('',#1577,10.);
#441=VECTOR('',#1578,10.);
#442=VECTOR('',#1579,10.);
#443=VECTOR('',#1580,10.);
#444=VECTOR('',#1581,10.);
#445=VECTOR('',#1584,10.);
#446=VECTOR('',#1587,10.);
#447=VECTOR('',#1588,10.);
#448=VECTOR('',#1591,10.);
#449=VECTOR('',#1592,10.);
#450=VECTOR('',#1597,10.);
#451=VECTOR('',#1606,10.);
#452=VECTOR('',#1607,10.);
#453=VECTOR('',#1608,10.);
#454=VECTOR('',#1609,10.);
#455=VECTOR('',#1628,10.);
#456=VECTOR('',#1633,10.);
#457=VECTOR('',#1636,10.);
#458=VECTOR('',#1637,10.);
#459=VECTOR('',#1642,10.);
#460=VECTOR('',#1645,10.);
#461=VECTOR('',#1648,10.);
#462=VECTOR('',#1655,2.75);
#463=VECTOR('',#1660,10.);
#464=VECTOR('',#1663,10.);
#465=ELLIPSE('',#1179,0.707106781186548,0.5);
#466=ELLIPSE('',#1188,0.707106781186548,0.5);
#467=ELLIPSE('',#1266,2.99389011154384,2.117);
#468=ELLIPSE('',#1272,0.707106781186547,0.5);
#469=ELLIPSE('',#1279,0.707106781186547,0.5);
#470=VERTEX_POINT('',#1668);
#471=VERTEX_POINT('',#1669);
#472=VERTEX_POINT('',#1671);
#473=VERTEX_POINT('',#1673);
#474=VERTEX_POINT('',#1677);
#475=VERTEX_POINT('',#1681);
#476=VERTEX_POINT('',#1683);
#477=VERTEX_POINT('',#1687);
#478=VERTEX_POINT('',#1691);
#479=VERTEX_POINT('',#1693);
#480=VERTEX_POINT('',#1695);
#481=VERTEX_POINT('',#1699);
#482=VERTEX_POINT('',#1705);
#483=VERTEX_POINT('',#1707);
#484=VERTEX_POINT('',#1709);
#485=VERTEX_POINT('',#1711);
#486=VERTEX_POINT('',#1715);
#487=VERTEX_POINT('',#1717);
#488=VERTEX_POINT('',#1721);
#489=VERTEX_POINT('',#1722);
#490=VERTEX_POINT('',#1724);
#491=VERTEX_POINT('',#1728);
#492=VERTEX_POINT('',#1729);
#493=VERTEX_POINT('',#1742);
#494=VERTEX_POINT('',#1746);
#495=VERTEX_POINT('',#1748);
#496=VERTEX_POINT('',#1753);
#497=VERTEX_POINT('',#1754);
#498=VERTEX_POINT('',#1765);
#499=VERTEX_POINT('',#1767);
#500=VERTEX_POINT('',#1780);
#501=VERTEX_POINT('',#1782);
#502=VERTEX_POINT('',#1784);
#503=VERTEX_POINT('',#1786);
#504=VERTEX_POINT('',#1788);
#505=VERTEX_POINT('',#1790);
#506=VERTEX_POINT('',#1792);
#507=VERTEX_POINT('',#1794);
#508=VERTEX_POINT('',#1796);
#509=VERTEX_POINT('',#1798);
#510=VERTEX_POINT('',#1800);
#511=VERTEX_POINT('',#1802);
#512=VERTEX_POINT('',#1804);
#513=VERTEX_POINT('',#1806);
#514=VERTEX_POINT('',#1809);
#515=VERTEX_POINT('',#1812);
#516=VERTEX_POINT('',#1814);
#517=VERTEX_POINT('',#1825);
#518=VERTEX_POINT('',#1829);
#519=VERTEX_POINT('',#1830);
#520=VERTEX_POINT('',#1844);
#521=VERTEX_POINT('',#1846);
#522=VERTEX_POINT('',#1848);
#523=VERTEX_POINT('',#1850);
#524=VERTEX_POINT('',#1852);
#525=VERTEX_POINT('',#1854);
#526=VERTEX_POINT('',#1856);
#527=VERTEX_POINT('',#1858);
#528=VERTEX_POINT('',#1860);
#529=VERTEX_POINT('',#1862);
#530=VERTEX_POINT('',#1864);
#531=VERTEX_POINT('',#1866);
#532=VERTEX_POINT('',#1868);
#533=VERTEX_POINT('',#1872);
#534=VERTEX_POINT('',#1883);
#535=VERTEX_POINT('',#1896);
#536=VERTEX_POINT('',#1910);
#537=VERTEX_POINT('',#1923);
#538=VERTEX_POINT('',#1934);
#539=VERTEX_POINT('',#1947);
#540=VERTEX_POINT('',#1961);
#541=VERTEX_POINT('',#1974);
#542=VERTEX_POINT('',#1985);
#543=VERTEX_POINT('',#1998);
#544=VERTEX_POINT('',#2000);
#545=VERTEX_POINT('',#2045);
#546=VERTEX_POINT('',#2049);
#547=VERTEX_POINT('',#2051);
#548=VERTEX_POINT('',#2062);
#549=VERTEX_POINT('',#2063);
#550=VERTEX_POINT('',#2065);
#551=VERTEX_POINT('',#2067);
#552=VERTEX_POINT('',#2071);
#553=VERTEX_POINT('',#2075);
#554=VERTEX_POINT('',#2077);
#555=VERTEX_POINT('',#2079);
#556=VERTEX_POINT('',#2081);
#557=VERTEX_POINT('',#2085);
#558=VERTEX_POINT('',#2087);
#559=VERTEX_POINT('',#2089);
#560=VERTEX_POINT('',#2093);
#561=VERTEX_POINT('',#2097);
#562=VERTEX_POINT('',#2101);
#563=VERTEX_POINT('',#2105);
#564=VERTEX_POINT('',#2107);
#565=VERTEX_POINT('',#2109);
#566=VERTEX_POINT('',#2113);
#567=VERTEX_POINT('',#2115);
#568=VERTEX_POINT('',#2119);
#569=VERTEX_POINT('',#2120);
#570=VERTEX_POINT('',#2127);
#571=VERTEX_POINT('',#2134);
#572=VERTEX_POINT('',#2142);
#573=VERTEX_POINT('',#2145);
#574=EDGE_CURVE('',#470,#471,#465,.T.);
#575=EDGE_CURVE('',#471,#472,#285,.T.);
#576=EDGE_CURVE('',#472,#473,#228,.T.);
#577=EDGE_CURVE('',#473,#470,#286,.T.);
#578=EDGE_CURVE('',#472,#474,#229,.T.);
#579=EDGE_CURVE('',#474,#473,#230,.T.);
#580=EDGE_CURVE('',#472,#475,#287,.T.);
#581=EDGE_CURVE('',#476,#475,#231,.T.);
#582=EDGE_CURVE('',#476,#474,#288,.T.);
#583=EDGE_CURVE('',#471,#477,#289,.T.);
#584=EDGE_CURVE('',#475,#477,#290,.T.);
#585=EDGE_CURVE('',#478,#470,#291,.T.);
#586=EDGE_CURVE('',#478,#479,#292,.T.);
#587=EDGE_CURVE('',#480,#479,#293,.T.);
#588=EDGE_CURVE('',#477,#480,#466,.T.);
#589=EDGE_CURVE('',#480,#481,#294,.T.);
#590=EDGE_CURVE('',#481,#475,#232,.T.);
#591=EDGE_CURVE('',#481,#476,#233,.T.);
#592=EDGE_CURVE('',#479,#482,#295,.T.);
#593=EDGE_CURVE('',#482,#483,#296,.T.);
#594=EDGE_CURVE('',#483,#484,#297,.T.);
#595=EDGE_CURVE('',#485,#484,#298,.T.);
#596=EDGE_CURVE('',#481,#485,#299,.T.);
#597=EDGE_CURVE('',#486,#485,#234,.F.);
#598=EDGE_CURVE('',#487,#486,#235,.F.);
#599=EDGE_CURVE('',#485,#487,#236,.F.);
#600=EDGE_CURVE('',#488,#489,#237,.F.);
#601=EDGE_CURVE('',#490,#488,#238,.F.);
#602=EDGE_CURVE('',#489,#490,#239,.F.);
#603=EDGE_CURVE('',#491,#492,#240,.T.);
#604=EDGE_CURVE('',#492,#490,#300,.T.);
#605=EDGE_CURVE('',#488,#491,#301,.T.);
#606=EDGE_CURVE('',#474,#489,#302,.T.);
#607=EDGE_CURVE('',#490,#473,#303,.T.);
#608=EDGE_CURVE('',#487,#476,#304,.T.);
#609=EDGE_CURVE('',#486,#488,#305,.T.);
#610=EDGE_CURVE('',#489,#487,#306,.T.);
#611=EDGE_CURVE('',#484,#493,#241,.T.);
#612=EDGE_CURVE('',#493,#486,#307,.T.);
#613=EDGE_CURVE('',#494,#492,#308,.T.);
#614=EDGE_CURVE('',#494,#495,#309,.T.);
#615=EDGE_CURVE('',#495,#478,#310,.T.);
#616=EDGE_CURVE('',#496,#497,#23,.T.);
#617=EDGE_CURVE('',#497,#498,#242,.T.);
#618=EDGE_CURVE('',#498,#499,#24,.T.);
#619=EDGE_CURVE('',#499,#496,#243,.T.);
#620=EDGE_CURVE('',#500,#499,#311,.T.);
#621=EDGE_CURVE('',#500,#501,#244,.T.);
#622=EDGE_CURVE('',#501,#502,#312,.T.);
#623=EDGE_CURVE('',#503,#502,#245,.T.);
#624=EDGE_CURVE('',#504,#503,#313,.T.);
#625=EDGE_CURVE('',#504,#505,#246,.T.);
#626=EDGE_CURVE('',#505,#506,#314,.T.);
#627=EDGE_CURVE('',#507,#506,#247,.T.);
#628=EDGE_CURVE('',#508,#507,#315,.T.);
#629=EDGE_CURVE('',#508,#509,#248,.T.);
#630=EDGE_CURVE('',#509,#510,#316,.T.);
#631=EDGE_CURVE('',#511,#510,#249,.T.);
#632=EDGE_CURVE('',#512,#511,#317,.T.);
#633=EDGE_CURVE('',#512,#513,#250,.T.);
#634=EDGE_CURVE('',#513,#496,#318,.T.);
#635=EDGE_CURVE('',#514,#514,#251,.T.);
#636=EDGE_CURVE('',#498,#515,#319,.T.);
#637=EDGE_CURVE('',#516,#515,#25,.T.);
#638=EDGE_CURVE('',#517,#516,#320,.T.);
#639=EDGE_CURVE('',#500,#517,#321,.T.);
#640=EDGE_CURVE('',#518,#519,#26,.T.);
#641=EDGE_CURVE('',#519,#516,#252,.T.);
#642=EDGE_CURVE('',#515,#518,#253,.T.);
#643=EDGE_CURVE('',#519,#520,#322,.T.);
#644=EDGE_CURVE('',#520,#521,#254,.T.);
#645=EDGE_CURVE('',#521,#522,#323,.T.);
#646=EDGE_CURVE('',#523,#522,#255,.T.);
#647=EDGE_CURVE('',#523,#524,#324,.T.);
#648=EDGE_CURVE('',#524,#525,#256,.T.);
#649=EDGE_CURVE('',#525,#526,#325,.T.);
#650=EDGE_CURVE('',#527,#526,#257,.T.);
#651=EDGE_CURVE('',#527,#528,#326,.T.);
#652=EDGE_CURVE('',#528,#529,#258,.T.);
#653=EDGE_CURVE('',#529,#530,#327,.T.);
#654=EDGE_CURVE('',#531,#530,#259,.T.);
#655=EDGE_CURVE('',#531,#532,#328,.T.);
#656=EDGE_CURVE('',#532,#517,#260,.T.);
#657=EDGE_CURVE('',#510,#533,#27,.T.);
#658=EDGE_CURVE('',#533,#534,#261,.T.);
#659=EDGE_CURVE('',#534,#511,#28,.T.);
#660=EDGE_CURVE('',#534,#535,#329,.T.);
#661=EDGE_CURVE('',#522,#535,#29,.T.);
#662=EDGE_CURVE('',#512,#521,#330,.T.);
#663=EDGE_CURVE('',#536,#523,#30,.T.);
#664=EDGE_CURVE('',#535,#536,#262,.T.);
#665=EDGE_CURVE('',#506,#537,#31,.T.);
#666=EDGE_CURVE('',#537,#538,#263,.T.);
#667=EDGE_CURVE('',#538,#507,#32,.T.);
#668=EDGE_CURVE('',#538,#539,#331,.T.);
#669=EDGE_CURVE('',#526,#539,#33,.T.);
#670=EDGE_CURVE('',#508,#525,#332,.T.);
#671=EDGE_CURVE('',#540,#527,#34,.T.);
#672=EDGE_CURVE('',#539,#540,#264,.T.);
#673=EDGE_CURVE('',#502,#541,#35,.T.);
#674=EDGE_CURVE('',#541,#542,#265,.T.);
#675=EDGE_CURVE('',#542,#503,#36,.T.);
#676=EDGE_CURVE('',#541,#543,#333,.T.);
#677=EDGE_CURVE('',#544,#543,#266,.T.);
#678=EDGE_CURVE('',#542,#544,#334,.T.);
#679=EDGE_CURVE('',#501,#532,#335,.T.);
#680=EDGE_CURVE('',#543,#531,#37,.T.);
#681=EDGE_CURVE('',#530,#544,#38,.T.);
#682=EDGE_CURVE('',#509,#524,#336,.T.);
#683=EDGE_CURVE('',#533,#536,#337,.T.);
#684=EDGE_CURVE('',#513,#520,#338,.T.);
#685=EDGE_CURVE('',#497,#518,#339,.T.);
#686=EDGE_CURVE('',#504,#529,#340,.T.);
#687=EDGE_CURVE('',#505,#528,#341,.T.);
#688=EDGE_CURVE('',#537,#540,#342,.T.);
#689=EDGE_CURVE('',#514,#545,#343,.T.);
#690=EDGE_CURVE('',#545,#545,#267,.T.);
#691=EDGE_CURVE('',#546,#546,#268,.T.);
#692=EDGE_CURVE('',#546,#547,#344,.T.);
#693=EDGE_CURVE('',#547,#547,#467,.T.);
#694=EDGE_CURVE('',#495,#482,#345,.T.);
#695=EDGE_CURVE('',#491,#493,#346,.T.);
#696=EDGE_CURVE('',#494,#483,#347,.T.);
#697=EDGE_CURVE('',#548,#549,#468,.T.);
#698=EDGE_CURVE('',#549,#550,#348,.T.);
#699=EDGE_CURVE('',#550,#551,#269,.T.);
#700=EDGE_CURVE('',#551,#548,#349,.T.);
#701=EDGE_CURVE('',#550,#552,#270,.T.);
#702=EDGE_CURVE('',#552,#551,#271,.T.);
#703=EDGE_CURVE('',#549,#553,#350,.T.);
#704=EDGE_CURVE('',#553,#554,#351,.T.);
#705=EDGE_CURVE('',#554,#555,#352,.T.);
#706=EDGE_CURVE('',#556,#555,#353,.T.);
#707=EDGE_CURVE('',#550,#556,#354,.T.);
#708=EDGE_CURVE('',#548,#557,#355,.T.);
#709=EDGE_CURVE('',#558,#557,#469,.T.);
#710=EDGE_CURVE('',#559,#558,#356,.T.);
#711=EDGE_CURVE('',#553,#559,#357,.T.);
#712=EDGE_CURVE('',#560,#551,#358,.T.);
#713=EDGE_CURVE('',#557,#560,#359,.T.);
#714=EDGE_CURVE('',#560,#561,#272,.T.);
#715=EDGE_CURVE('',#561,#558,#360,.T.);
#716=EDGE_CURVE('',#560,#562,#273,.T.);
#717=EDGE_CURVE('',#562,#561,#274,.T.);
#718=EDGE_CURVE('',#563,#561,#361,.T.);
#719=EDGE_CURVE('',#564,#563,#362,.T.);
#720=EDGE_CURVE('',#564,#565,#363,.T.);
#721=EDGE_CURVE('',#565,#559,#364,.T.);
#722=EDGE_CURVE('',#566,#563,#275,.F.);
#723=EDGE_CURVE('',#567,#566,#276,.F.);
#724=EDGE_CURVE('',#563,#567,#277,.F.);
#725=EDGE_CURVE('',#568,#569,#278,.F.);
#726=EDGE_CURVE('',#556,#568,#279,.F.);
#727=EDGE_CURVE('',#569,#556,#280,.F.);
#728=EDGE_CURVE('',#568,#552,#365,.T.);
#729=EDGE_CURVE('',#555,#570,#281,.T.);
#730=EDGE_CURVE('',#570,#569,#366,.T.);
#731=EDGE_CURVE('',#566,#568,#367,.T.);
#732=EDGE_CURVE('',#569,#567,#368,.T.);
#733=EDGE_CURVE('',#571,#564,#282,.T.);
#734=EDGE_CURVE('',#567,#571,#369,.T.);
#735=EDGE_CURVE('',#562,#566,#370,.T.);
#736=EDGE_CURVE('',#552,#562,#371,.T.);
#737=EDGE_CURVE('',#572,#572,#283,.T.);
#738=EDGE_CURVE('',#572,#573,#372,.T.);
#739=EDGE_CURVE('',#573,#573,#284,.T.);
#740=EDGE_CURVE('',#554,#565,#373,.T.);
#741=EDGE_CURVE('',#570,#571,#374,.T.);
#742=ORIENTED_EDGE('',*,*,#574,.T.);
#743=ORIENTED_EDGE('',*,*,#575,.T.);
#744=ORIENTED_EDGE('',*,*,#576,.T.);
#745=ORIENTED_EDGE('',*,*,#577,.T.);
#746=ORIENTED_EDGE('',*,*,#576,.F.);
#747=ORIENTED_EDGE('',*,*,#578,.T.);
#748=ORIENTED_EDGE('',*,*,#579,.T.);
#749=ORIENTED_EDGE('',*,*,#578,.F.);
#750=ORIENTED_EDGE('',*,*,#580,.T.);
#751=ORIENTED_EDGE('',*,*,#581,.F.);
#752=ORIENTED_EDGE('',*,*,#582,.T.);
#753=ORIENTED_EDGE('',*,*,#575,.F.);
#754=ORIENTED_EDGE('',*,*,#583,.T.);
#755=ORIENTED_EDGE('',*,*,#584,.F.);
#756=ORIENTED_EDGE('',*,*,#580,.F.);
#757=ORIENTED_EDGE('',*,*,#574,.F.);
#758=ORIENTED_EDGE('',*,*,#585,.F.);
#759=ORIENTED_EDGE('',*,*,#586,.T.);
#760=ORIENTED_EDGE('',*,*,#587,.F.);
#761=ORIENTED_EDGE('',*,*,#588,.F.);
#762=ORIENTED_EDGE('',*,*,#583,.F.);
#763=ORIENTED_EDGE('',*,*,#588,.T.);
#764=ORIENTED_EDGE('',*,*,#589,.T.);
#765=ORIENTED_EDGE('',*,*,#590,.T.);
#766=ORIENTED_EDGE('',*,*,#584,.T.);
#767=ORIENTED_EDGE('',*,*,#590,.F.);
#768=ORIENTED_EDGE('',*,*,#591,.T.);
#769=ORIENTED_EDGE('',*,*,#581,.T.);
#770=ORIENTED_EDGE('',*,*,#589,.F.);
#771=ORIENTED_EDGE('',*,*,#587,.T.);
#772=ORIENTED_EDGE('',*,*,#592,.T.);
#773=ORIENTED_EDGE('',*,*,#593,.T.);
#774=ORIENTED_EDGE('',*,*,#594,.T.);
#775=ORIENTED_EDGE('',*,*,#595,.F.);
#776=ORIENTED_EDGE('',*,*,#596,.F.);
#777=ORIENTED_EDGE('',*,*,#597,.F.);
#778=ORIENTED_EDGE('',*,*,#598,.F.);
#779=ORIENTED_EDGE('',*,*,#599,.F.);
#780=ORIENTED_EDGE('',*,*,#600,.F.);
#781=ORIENTED_EDGE('',*,*,#601,.F.);
#782=ORIENTED_EDGE('',*,*,#602,.F.);
#783=ORIENTED_EDGE('',*,*,#603,.T.);
#784=ORIENTED_EDGE('',*,*,#604,.T.);
#785=ORIENTED_EDGE('',*,*,#601,.T.);
#786=ORIENTED_EDGE('',*,*,#605,.T.);
#787=ORIENTED_EDGE('',*,*,#579,.F.);
#788=ORIENTED_EDGE('',*,*,#606,.T.);
#789=ORIENTED_EDGE('',*,*,#602,.T.);
#790=ORIENTED_EDGE('',*,*,#607,.T.);
#791=ORIENTED_EDGE('',*,*,#591,.F.);
#792=ORIENTED_EDGE('',*,*,#596,.T.);
#793=ORIENTED_EDGE('',*,*,#599,.T.);
#794=ORIENTED_EDGE('',*,*,#608,.T.);
#795=ORIENTED_EDGE('',*,*,#598,.T.);
#796=ORIENTED_EDGE('',*,*,#609,.T.);
#797=ORIENTED_EDGE('',*,*,#600,.T.);
#798=ORIENTED_EDGE('',*,*,#610,.T.);
#799=ORIENTED_EDGE('',*,*,#611,.T.);
#800=ORIENTED_EDGE('',*,*,#612,.T.);
#801=ORIENTED_EDGE('',*,*,#597,.T.);
#802=ORIENTED_EDGE('',*,*,#595,.T.);
#803=ORIENTED_EDGE('',*,*,#577,.F.);
#804=ORIENTED_EDGE('',*,*,#607,.F.);
#805=ORIENTED_EDGE('',*,*,#604,.F.);
#806=ORIENTED_EDGE('',*,*,#613,.F.);
#807=ORIENTED_EDGE('',*,*,#614,.T.);
#808=ORIENTED_EDGE('',*,*,#615,.T.);
#809=ORIENTED_EDGE('',*,*,#585,.T.);
#810=ORIENTED_EDGE('',*,*,#606,.F.);
#811=ORIENTED_EDGE('',*,*,#582,.F.);
#812=ORIENTED_EDGE('',*,*,#608,.F.);
#813=ORIENTED_EDGE('',*,*,#610,.F.);
#814=ORIENTED_EDGE('',*,*,#616,.T.);
#815=ORIENTED_EDGE('',*,*,#617,.T.);
#816=ORIENTED_EDGE('',*,*,#618,.T.);
#817=ORIENTED_EDGE('',*,*,#619,.T.);
#818=ORIENTED_EDGE('',*,*,#619,.F.);
#819=ORIENTED_EDGE('',*,*,#620,.F.);
#820=ORIENTED_EDGE('',*,*,#621,.T.);
#821=ORIENTED_EDGE('',*,*,#622,.T.);
#822=ORIENTED_EDGE('',*,*,#623,.F.);
#823=ORIENTED_EDGE('',*,*,#624,.F.);
#824=ORIENTED_EDGE('',*,*,#625,.T.);
#825=ORIENTED_EDGE('',*,*,#626,.T.);
#826=ORIENTED_EDGE('',*,*,#627,.F.);
#827=ORIENTED_EDGE('',*,*,#628,.F.);
#828=ORIENTED_EDGE('',*,*,#629,.T.);
#829=ORIENTED_EDGE('',*,*,#630,.T.);
#830=ORIENTED_EDGE('',*,*,#631,.F.);
#831=ORIENTED_EDGE('',*,*,#632,.F.);
#832=ORIENTED_EDGE('',*,*,#633,.T.);
#833=ORIENTED_EDGE('',*,*,#634,.T.);
#834=ORIENTED_EDGE('',*,*,#635,.T.);
#835=ORIENTED_EDGE('',*,*,#618,.F.);
#836=ORIENTED_EDGE('',*,*,#636,.T.);
#837=ORIENTED_EDGE('',*,*,#637,.F.);
#838=ORIENTED_EDGE('',*,*,#638,.F.);
#839=ORIENTED_EDGE('',*,*,#639,.F.);
#840=ORIENTED_EDGE('',*,*,#620,.T.);
#841=ORIENTED_EDGE('',*,*,#640,.T.);
#842=ORIENTED_EDGE('',*,*,#641,.T.);
#843=ORIENTED_EDGE('',*,*,#637,.T.);
#844=ORIENTED_EDGE('',*,*,#642,.T.);
#845=ORIENTED_EDGE('',*,*,#641,.F.);
#846=ORIENTED_EDGE('',*,*,#643,.T.);
#847=ORIENTED_EDGE('',*,*,#644,.T.);
#848=ORIENTED_EDGE('',*,*,#645,.T.);
#849=ORIENTED_EDGE('',*,*,#646,.F.);
#850=ORIENTED_EDGE('',*,*,#647,.T.);
#851=ORIENTED_EDGE('',*,*,#648,.T.);
#852=ORIENTED_EDGE('',*,*,#649,.T.);
#853=ORIENTED_EDGE('',*,*,#650,.F.);
#854=ORIENTED_EDGE('',*,*,#651,.T.);
#855=ORIENTED_EDGE('',*,*,#652,.T.);
#856=ORIENTED_EDGE('',*,*,#653,.T.);
#857=ORIENTED_EDGE('',*,*,#654,.F.);
#858=ORIENTED_EDGE('',*,*,#655,.T.);
#859=ORIENTED_EDGE('',*,*,#656,.T.);
#860=ORIENTED_EDGE('',*,*,#638,.T.);
#861=ORIENTED_EDGE('',*,*,#657,.T.);
#862=ORIENTED_EDGE('',*,*,#658,.T.);
#863=ORIENTED_EDGE('',*,*,#659,.T.);
#864=ORIENTED_EDGE('',*,*,#631,.T.);
#865=ORIENTED_EDGE('',*,*,#659,.F.);
#866=ORIENTED_EDGE('',*,*,#660,.T.);
#867=ORIENTED_EDGE('',*,*,#661,.F.);
#868=ORIENTED_EDGE('',*,*,#645,.F.);
#869=ORIENTED_EDGE('',*,*,#662,.F.);
#870=ORIENTED_EDGE('',*,*,#632,.T.);
#871=ORIENTED_EDGE('',*,*,#663,.T.);
#872=ORIENTED_EDGE('',*,*,#646,.T.);
#873=ORIENTED_EDGE('',*,*,#661,.T.);
#874=ORIENTED_EDGE('',*,*,#664,.T.);
#875=ORIENTED_EDGE('',*,*,#665,.T.);
#876=ORIENTED_EDGE('',*,*,#666,.T.);
#877=ORIENTED_EDGE('',*,*,#667,.T.);
#878=ORIENTED_EDGE('',*,*,#627,.T.);
#879=ORIENTED_EDGE('',*,*,#667,.F.);
#880=ORIENTED_EDGE('',*,*,#668,.T.);
#881=ORIENTED_EDGE('',*,*,#669,.F.);
#882=ORIENTED_EDGE('',*,*,#649,.F.);
#883=ORIENTED_EDGE('',*,*,#670,.F.);
#884=ORIENTED_EDGE('',*,*,#628,.T.);
#885=ORIENTED_EDGE('',*,*,#671,.T.);
#886=ORIENTED_EDGE('',*,*,#650,.T.);
#887=ORIENTED_EDGE('',*,*,#669,.T.);
#888=ORIENTED_EDGE('',*,*,#672,.T.);
#889=ORIENTED_EDGE('',*,*,#673,.T.);
#890=ORIENTED_EDGE('',*,*,#674,.T.);
#891=ORIENTED_EDGE('',*,*,#675,.T.);
#892=ORIENTED_EDGE('',*,*,#623,.T.);
#893=ORIENTED_EDGE('',*,*,#674,.F.);
#894=ORIENTED_EDGE('',*,*,#676,.T.);
#895=ORIENTED_EDGE('',*,*,#677,.F.);
#896=ORIENTED_EDGE('',*,*,#678,.F.);
#897=ORIENTED_EDGE('',*,*,#673,.F.);
#898=ORIENTED_EDGE('',*,*,#622,.F.);
#899=ORIENTED_EDGE('',*,*,#679,.T.);
#900=ORIENTED_EDGE('',*,*,#655,.F.);
#901=ORIENTED_EDGE('',*,*,#680,.F.);
#902=ORIENTED_EDGE('',*,*,#676,.F.);
#903=ORIENTED_EDGE('',*,*,#680,.T.);
#904=ORIENTED_EDGE('',*,*,#654,.T.);
#905=ORIENTED_EDGE('',*,*,#681,.T.);
#906=ORIENTED_EDGE('',*,*,#677,.T.);
#907=ORIENTED_EDGE('',*,*,#657,.F.);
#908=ORIENTED_EDGE('',*,*,#630,.F.);
#909=ORIENTED_EDGE('',*,*,#682,.T.);
#910=ORIENTED_EDGE('',*,*,#647,.F.);
#911=ORIENTED_EDGE('',*,*,#663,.F.);
#912=ORIENTED_EDGE('',*,*,#683,.F.);
#913=ORIENTED_EDGE('',*,*,#658,.F.);
#914=ORIENTED_EDGE('',*,*,#683,.T.);
#915=ORIENTED_EDGE('',*,*,#664,.F.);
#916=ORIENTED_EDGE('',*,*,#660,.F.);
#917=ORIENTED_EDGE('',*,*,#633,.F.);
#918=ORIENTED_EDGE('',*,*,#662,.T.);
#919=ORIENTED_EDGE('',*,*,#644,.F.);
#920=ORIENTED_EDGE('',*,*,#684,.F.);
#921=ORIENTED_EDGE('',*,*,#616,.F.);
#922=ORIENTED_EDGE('',*,*,#634,.F.);
#923=ORIENTED_EDGE('',*,*,#684,.T.);
#924=ORIENTED_EDGE('',*,*,#643,.F.);
#925=ORIENTED_EDGE('',*,*,#640,.F.);
#926=ORIENTED_EDGE('',*,*,#685,.F.);
#927=ORIENTED_EDGE('',*,*,#617,.F.);
#928=ORIENTED_EDGE('',*,*,#685,.T.);
#929=ORIENTED_EDGE('',*,*,#642,.F.);
#930=ORIENTED_EDGE('',*,*,#636,.F.);
#931=ORIENTED_EDGE('',*,*,#621,.F.);
#932=ORIENTED_EDGE('',*,*,#639,.T.);
#933=ORIENTED_EDGE('',*,*,#656,.F.);
#934=ORIENTED_EDGE('',*,*,#679,.F.);
#935=ORIENTED_EDGE('',*,*,#675,.F.);
#936=ORIENTED_EDGE('',*,*,#678,.T.);
#937=ORIENTED_EDGE('',*,*,#681,.F.);
#938=ORIENTED_EDGE('',*,*,#653,.F.);
#939=ORIENTED_EDGE('',*,*,#686,.F.);
#940=ORIENTED_EDGE('',*,*,#624,.T.);
#941=ORIENTED_EDGE('',*,*,#625,.F.);
#942=ORIENTED_EDGE('',*,*,#686,.T.);
#943=ORIENTED_EDGE('',*,*,#652,.F.);
#944=ORIENTED_EDGE('',*,*,#687,.F.);
#945=ORIENTED_EDGE('',*,*,#665,.F.);
#946=ORIENTED_EDGE('',*,*,#626,.F.);
#947=ORIENTED_EDGE('',*,*,#687,.T.);
#948=ORIENTED_EDGE('',*,*,#651,.F.);
#949=ORIENTED_EDGE('',*,*,#671,.F.);
#950=ORIENTED_EDGE('',*,*,#688,.F.);
#951=ORIENTED_EDGE('',*,*,#666,.F.);
#952=ORIENTED_EDGE('',*,*,#688,.T.);
#953=ORIENTED_EDGE('',*,*,#672,.F.);
#954=ORIENTED_EDGE('',*,*,#668,.F.);
#955=ORIENTED_EDGE('',*,*,#629,.F.);
#956=ORIENTED_EDGE('',*,*,#670,.T.);
#957=ORIENTED_EDGE('',*,*,#648,.F.);
#958=ORIENTED_EDGE('',*,*,#682,.F.);
#959=ORIENTED_EDGE('',*,*,#635,.F.);
#960=ORIENTED_EDGE('',*,*,#689,.T.);
#961=ORIENTED_EDGE('',*,*,#690,.F.);
#962=ORIENTED_EDGE('',*,*,#689,.F.);
#963=ORIENTED_EDGE('',*,*,#691,.F.);
#964=ORIENTED_EDGE('',*,*,#692,.T.);
#965=ORIENTED_EDGE('',*,*,#693,.F.);
#966=ORIENTED_EDGE('',*,*,#692,.F.);
#967=ORIENTED_EDGE('',*,*,#615,.F.);
#968=ORIENTED_EDGE('',*,*,#694,.T.);
#969=ORIENTED_EDGE('',*,*,#592,.F.);
#970=ORIENTED_EDGE('',*,*,#586,.F.);
#971=ORIENTED_EDGE('',*,*,#612,.F.);
#972=ORIENTED_EDGE('',*,*,#695,.F.);
#973=ORIENTED_EDGE('',*,*,#605,.F.);
#974=ORIENTED_EDGE('',*,*,#609,.F.);
#975=ORIENTED_EDGE('',*,*,#690,.T.);
#976=ORIENTED_EDGE('',*,*,#611,.F.);
#977=ORIENTED_EDGE('',*,*,#594,.F.);
#978=ORIENTED_EDGE('',*,*,#696,.F.);
#979=ORIENTED_EDGE('',*,*,#613,.T.);
#980=ORIENTED_EDGE('',*,*,#603,.F.);
#981=ORIENTED_EDGE('',*,*,#695,.T.);
#982=ORIENTED_EDGE('',*,*,#691,.T.);
#983=ORIENTED_EDGE('',*,*,#614,.F.);
#984=ORIENTED_EDGE('',*,*,#696,.T.);
#985=ORIENTED_EDGE('',*,*,#593,.F.);
#986=ORIENTED_EDGE('',*,*,#694,.F.);
#987=ORIENTED_EDGE('',*,*,#693,.T.);
#988=ORIENTED_EDGE('',*,*,#697,.T.);
#989=ORIENTED_EDGE('',*,*,#698,.T.);
#990=ORIENTED_EDGE('',*,*,#699,.T.);
#991=ORIENTED_EDGE('',*,*,#700,.T.);
#992=ORIENTED_EDGE('',*,*,#699,.F.);
#993=ORIENTED_EDGE('',*,*,#701,.T.);
#994=ORIENTED_EDGE('',*,*,#702,.T.);
#995=ORIENTED_EDGE('',*,*,#698,.F.);
#996=ORIENTED_EDGE('',*,*,#703,.T.);
#997=ORIENTED_EDGE('',*,*,#704,.T.);
#998=ORIENTED_EDGE('',*,*,#705,.T.);
#999=ORIENTED_EDGE('',*,*,#706,.F.);
#1000=ORIENTED_EDGE('',*,*,#707,.F.);
#1001=ORIENTED_EDGE('',*,*,#697,.F.);
#1002=ORIENTED_EDGE('',*,*,#708,.T.);
#1003=ORIENTED_EDGE('',*,*,#709,.F.);
#1004=ORIENTED_EDGE('',*,*,#710,.F.);
#1005=ORIENTED_EDGE('',*,*,#711,.F.);
#1006=ORIENTED_EDGE('',*,*,#703,.F.);
#1007=ORIENTED_EDGE('',*,*,#700,.F.);
#1008=ORIENTED_EDGE('',*,*,#712,.F.);
#1009=ORIENTED_EDGE('',*,*,#713,.F.);
#1010=ORIENTED_EDGE('',*,*,#708,.F.);
#1011=ORIENTED_EDGE('',*,*,#709,.T.);
#1012=ORIENTED_EDGE('',*,*,#713,.T.);
#1013=ORIENTED_EDGE('',*,*,#714,.T.);
#1014=ORIENTED_EDGE('',*,*,#715,.T.);
#1015=ORIENTED_EDGE('',*,*,#714,.F.);
#1016=ORIENTED_EDGE('',*,*,#716,.T.);
#1017=ORIENTED_EDGE('',*,*,#717,.T.);
#1018=ORIENTED_EDGE('',*,*,#715,.F.);
#1019=ORIENTED_EDGE('',*,*,#718,.F.);
#1020=ORIENTED_EDGE('',*,*,#719,.F.);
#1021=ORIENTED_EDGE('',*,*,#720,.T.);
#1022=ORIENTED_EDGE('',*,*,#721,.T.);
#1023=ORIENTED_EDGE('',*,*,#710,.T.);
#1024=ORIENTED_EDGE('',*,*,#722,.F.);
#1025=ORIENTED_EDGE('',*,*,#723,.F.);
#1026=ORIENTED_EDGE('',*,*,#724,.F.);
#1027=ORIENTED_EDGE('',*,*,#725,.F.);
#1028=ORIENTED_EDGE('',*,*,#726,.F.);
#1029=ORIENTED_EDGE('',*,*,#727,.F.);
#1030=ORIENTED_EDGE('',*,*,#701,.F.);
#1031=ORIENTED_EDGE('',*,*,#707,.T.);
#1032=ORIENTED_EDGE('',*,*,#726,.T.);
#1033=ORIENTED_EDGE('',*,*,#728,.T.);
#1034=ORIENTED_EDGE('',*,*,#729,.T.);
#1035=ORIENTED_EDGE('',*,*,#730,.T.);
#1036=ORIENTED_EDGE('',*,*,#727,.T.);
#1037=ORIENTED_EDGE('',*,*,#706,.T.);
#1038=ORIENTED_EDGE('',*,*,#723,.T.);
#1039=ORIENTED_EDGE('',*,*,#731,.T.);
#1040=ORIENTED_EDGE('',*,*,#725,.T.);
#1041=ORIENTED_EDGE('',*,*,#732,.T.);
#1042=ORIENTED_EDGE('',*,*,#733,.T.);
#1043=ORIENTED_EDGE('',*,*,#719,.T.);
#1044=ORIENTED_EDGE('',*,*,#724,.T.);
#1045=ORIENTED_EDGE('',*,*,#734,.T.);
#1046=ORIENTED_EDGE('',*,*,#717,.F.);
#1047=ORIENTED_EDGE('',*,*,#735,.T.);
#1048=ORIENTED_EDGE('',*,*,#722,.T.);
#1049=ORIENTED_EDGE('',*,*,#718,.T.);
#1050=ORIENTED_EDGE('',*,*,#702,.F.);
#1051=ORIENTED_EDGE('',*,*,#736,.T.);
#1052=ORIENTED_EDGE('',*,*,#716,.F.);
#1053=ORIENTED_EDGE('',*,*,#712,.T.);
#1054=ORIENTED_EDGE('',*,*,#728,.F.);
#1055=ORIENTED_EDGE('',*,*,#731,.F.);
#1056=ORIENTED_EDGE('',*,*,#735,.F.);
#1057=ORIENTED_EDGE('',*,*,#736,.F.);
#1058=ORIENTED_EDGE('',*,*,#737,.T.);
#1059=ORIENTED_EDGE('',*,*,#737,.F.);
#1060=ORIENTED_EDGE('',*,*,#738,.T.);
#1061=ORIENTED_EDGE('',*,*,#739,.F.);
#1062=ORIENTED_EDGE('',*,*,#738,.F.);
#1063=ORIENTED_EDGE('',*,*,#704,.F.);
#1064=ORIENTED_EDGE('',*,*,#711,.T.);
#1065=ORIENTED_EDGE('',*,*,#721,.F.);
#1066=ORIENTED_EDGE('',*,*,#740,.F.);
#1067=ORIENTED_EDGE('',*,*,#729,.F.);
#1068=ORIENTED_EDGE('',*,*,#705,.F.);
#1069=ORIENTED_EDGE('',*,*,#740,.T.);
#1070=ORIENTED_EDGE('',*,*,#720,.F.);
#1071=ORIENTED_EDGE('',*,*,#733,.F.);
#1072=ORIENTED_EDGE('',*,*,#741,.F.);
#1073=ORIENTED_EDGE('',*,*,#739,.T.);
#1074=ORIENTED_EDGE('',*,*,#730,.F.);
#1075=ORIENTED_EDGE('',*,*,#741,.T.);
#1076=ORIENTED_EDGE('',*,*,#734,.F.);
#1077=ORIENTED_EDGE('',*,*,#732,.F.);
#1078=CYLINDRICAL_SURFACE('',#1178,0.5);
#1079=CYLINDRICAL_SURFACE('',#1184,0.5);
#1080=CYLINDRICAL_SURFACE('',#1189,0.5);
#1081=CYLINDRICAL_SURFACE('',#1202,0.5);
#1082=CYLINDRICAL_SURFACE('',#1204,0.5);
#1083=CYLINDRICAL_SURFACE('',#1205,0.5);
#1084=CYLINDRICAL_SURFACE('',#1206,0.5);
#1085=CYLINDRICAL_SURFACE('',#1207,0.5);
#1086=CYLINDRICAL_SURFACE('',#1247,12.5);
#1087=CYLINDRICAL_SURFACE('',#1252,12.5);
#1088=CYLINDRICAL_SURFACE('',#1253,0.5);
#1089=CYLINDRICAL_SURFACE('',#1255,12.5);
#1090=CYLINDRICAL_SURFACE('',#1256,0.5);
#1091=CYLINDRICAL_SURFACE('',#1258,0.5);
#1092=CYLINDRICAL_SURFACE('',#1260,12.5);
#1093=CYLINDRICAL_SURFACE('',#1261,0.5);
#1094=CYLINDRICAL_SURFACE('',#1262,7.5);
#1095=CYLINDRICAL_SURFACE('',#1264,2.117);
#1096=CYLINDRICAL_SURFACE('',#1271,0.5);
#1097=CYLINDRICAL_SURFACE('',#1281,0.5);
#1098=CYLINDRICAL_SURFACE('',#1295,0.5);
#1099=CYLINDRICAL_SURFACE('',#1296,0.5);
#1100=CYLINDRICAL_SURFACE('',#1298,0.5);
#1101=CYLINDRICAL_SURFACE('',#1299,0.5);
#1102=CYLINDRICAL_SURFACE('',#1301,0.5);
#1103=CYLINDRICAL_SURFACE('',#1302,0.5);
#1104=CYLINDRICAL_SURFACE('',#1305,2.75);
#1105=ADVANCED_FACE('',(#82),#1078,.T.);
#1106=ADVANCED_FACE('',(#83),#74,.T.);
#1107=ADVANCED_FACE('',(#84),#1079,.T.);
#1108=ADVANCED_FACE('',(#85),#47,.T.);
#1109=ADVANCED_FACE('',(#86),#48,.T.);
#1110=ADVANCED_FACE('',(#87),#1080,.T.);
#1111=ADVANCED_FACE('',(#88),#75,.T.);
#1112=ADVANCED_FACE('',(#89),#49,.T.);
#1113=ADVANCED_FACE('',(#90),#76,.T.);
#1114=ADVANCED_FACE('',(#91),#77,.T.);
#1115=ADVANCED_FACE('',(#92),#1081,.T.);
#1116=ADVANCED_FACE('',(#93),#1082,.T.);
#1117=ADVANCED_FACE('',(#94),#1083,.T.);
#1118=ADVANCED_FACE('',(#95),#1084,.T.);
#1119=ADVANCED_FACE('',(#96),#1085,.T.);
#1120=ADVANCED_FACE('',(#97),#50,.F.);
#1121=ADVANCED_FACE('',(#98),#51,.T.);
#1122=ADVANCED_FACE('',(#99),#39,.T.);
#1123=ADVANCED_FACE('',(#100,#17),#52,.F.);
#1124=ADVANCED_FACE('',(#101),#53,.T.);
#1125=ADVANCED_FACE('',(#102),#40,.T.);
#1126=ADVANCED_FACE('',(#103),#54,.T.);
#1127=ADVANCED_FACE('',(#104),#41,.T.);
#1128=ADVANCED_FACE('',(#105),#55,.T.);
#1129=ADVANCED_FACE('',(#106),#42,.T.);
#1130=ADVANCED_FACE('',(#107),#43,.T.);
#1131=ADVANCED_FACE('',(#108),#56,.T.);
#1132=ADVANCED_FACE('',(#109),#44,.T.);
#1133=ADVANCED_FACE('',(#110),#45,.T.);
#1134=ADVANCED_FACE('',(#111),#1086,.T.);
#1135=ADVANCED_FACE('',(#112),#57,.T.);
#1136=ADVANCED_FACE('',(#113),#46,.T.);
#1137=ADVANCED_FACE('',(#114),#58,.T.);
#1138=ADVANCED_FACE('',(#115),#1087,.T.);
#1139=ADVANCED_FACE('',(#116),#1088,.F.);
#1140=ADVANCED_FACE('',(#117),#59,.T.);
#1141=ADVANCED_FACE('',(#118),#1089,.T.);
#1142=ADVANCED_FACE('',(#119),#1090,.F.);
#1143=ADVANCED_FACE('',(#120),#60,.T.);
#1144=ADVANCED_FACE('',(#121),#1091,.F.);
#1145=ADVANCED_FACE('',(#122),#61,.T.);
#1146=ADVANCED_FACE('',(#123),#1092,.T.);
#1147=ADVANCED_FACE('',(#124),#1093,.F.);
#1148=ADVANCED_FACE('',(#125),#1094,.T.);
#1149=ADVANCED_FACE('',(#126),#1095,.F.);
#1150=ADVANCED_FACE('',(#127),#62,.T.);
#1151=ADVANCED_FACE('',(#128,#18),#63,.T.);
#1152=ADVANCED_FACE('',(#129,#19),#64,.T.);
#1153=ADVANCED_FACE('',(#130,#20),#65,.T.);
#1154=ADVANCED_FACE('',(#131),#1096,.T.);
#1155=ADVANCED_FACE('',(#132),#78,.T.);
#1156=ADVANCED_FACE('',(#133),#66,.F.);
#1157=ADVANCED_FACE('',(#134),#67,.T.);
#1158=ADVANCED_FACE('',(#135),#68,.T.);
#1159=ADVANCED_FACE('',(#136),#1097,.T.);
#1160=ADVANCED_FACE('',(#137),#79,.T.);
#1161=ADVANCED_FACE('',(#138),#69,.T.);
#1162=ADVANCED_FACE('',(#139),#80,.T.);
#1163=ADVANCED_FACE('',(#140),#81,.T.);
#1164=ADVANCED_FACE('',(#141),#1098,.T.);
#1165=ADVANCED_FACE('',(#142),#1099,.T.);
#1166=ADVANCED_FACE('',(#143),#1100,.T.);
#1167=ADVANCED_FACE('',(#144),#1101,.T.);
#1168=ADVANCED_FACE('',(#145),#1102,.T.);
#1169=ADVANCED_FACE('',(#146),#1103,.T.);
#1170=ADVANCED_FACE('',(#147,#21),#70,.T.);
#1171=ADVANCED_FACE('',(#148),#1104,.F.);
#1172=ADVANCED_FACE('',(#149),#71,.T.);
#1173=ADVANCED_FACE('',(#150,#22),#72,.T.);
#1174=ADVANCED_FACE('',(#151),#73,.T.);
#1175=CLOSED_SHELL('',(#1105,#1106,#1107,#1108,#1109,#1110,#1111,#1112,
#1113,#1114,#1115,#1116,#1117,#1118,#1119,#1120,#1121,#1122,#1123,#1124,
#1125,#1126,#1127,#1128,#1129,#1130,#1131,#1132,#1133,#1134,#1135,#1136,
#1137,#1138,#1139,#1140,#1141,#1142,#1143,#1144,#1145,#1146,#1147,#1148,
#1149,#1150,#1151,#1152,#1153));
#1176=CLOSED_SHELL('',(#1154,#1155,#1156,#1157,#1158,#1159,#1160,#1161,
#1162,#1163,#1164,#1165,#1166,#1167,#1168,#1169,#1170,#1171,#1172,#1173,
#1174));
#1177=AXIS2_PLACEMENT_3D('',#1666,#1310,#1311);
#1178=AXIS2_PLACEMENT_3D('',#1667,#1312,#1313);
#1179=AXIS2_PLACEMENT_3D('',#1670,#1314,#1315);
#1180=AXIS2_PLACEMENT_3D('',#1674,#1317,#1318);
#1181=AXIS2_PLACEMENT_3D('',#1676,#1320,#1321);
#1182=AXIS2_PLACEMENT_3D('',#1678,#1322,#1323);
#1183=AXIS2_PLACEMENT_3D('',#1679,#1324,#1325);
#1184=AXIS2_PLACEMENT_3D('',#1680,#1326,#1327);
#1185=AXIS2_PLACEMENT_3D('',#1684,#1329,#1330);
#1186=AXIS2_PLACEMENT_3D('',#1686,#1332,#1333);
#1187=AXIS2_PLACEMENT_3D('',#1690,#1336,#1337);
#1188=AXIS2_PLACEMENT_3D('',#1697,#1341,#1342);
#1189=AXIS2_PLACEMENT_3D('',#1698,#1343,#1344);
#1190=AXIS2_PLACEMENT_3D('',#1701,#1346,#1347);
#1191=AXIS2_PLACEMENT_3D('',#1702,#1348,#1349);
#1192=AXIS2_PLACEMENT_3D('',#1703,#1350,#1351);
#1193=AXIS2_PLACEMENT_3D('',#1704,#1352,#1353);
#1194=AXIS2_PLACEMENT_3D('',#1714,#1359,#1360);
#1195=AXIS2_PLACEMENT_3D('',#1716,#1361,#1362);
#1196=AXIS2_PLACEMENT_3D('',#1718,#1363,#1364);
#1197=AXIS2_PLACEMENT_3D('',#1719,#1365,#1366);
#1198=AXIS2_PLACEMENT_3D('',#1720,#1367,#1368);
#1199=AXIS2_PLACEMENT_3D('',#1723,#1369,#1370);
#1200=AXIS2_PLACEMENT_3D('',#1725,#1371,#1372);
#1201=AXIS2_PLACEMENT_3D('',#1726,#1373,#1374);
#1202=AXIS2_PLACEMENT_3D('',#1727,#1375,#1376);
#1203=AXIS2_PLACEMENT_3D('',#1730,#1377,#1378);
#1204=AXIS2_PLACEMENT_3D('',#1733,#1381,#1382);
#1205=AXIS2_PLACEMENT_3D('',#1736,#1385,#1386);
#1206=AXIS2_PLACEMENT_3D('',#1738,#1388,#1389);
#1207=AXIS2_PLACEMENT_3D('',#1741,#1392,#1393);
#1208=AXIS2_PLACEMENT_3D('',#1743,#1394,#1395);
#1209=AXIS2_PLACEMENT_3D('',#1745,#1397,#1398);
#1210=AXIS2_PLACEMENT_3D('',#1751,#1402,#1403);
#1211=AXIS2_PLACEMENT_3D('',#1752,#1404,#1405);
#1212=AXIS2_PLACEMENT_3D('',#1766,#1406,#1407);
#1213=AXIS2_PLACEMENT_3D('',#1778,#1408,#1409);
#1214=AXIS2_PLACEMENT_3D('',#1779,#1410,#1411);
#1215=AXIS2_PLACEMENT_3D('',#1783,#1413,#1414);
#1216=AXIS2_PLACEMENT_3D('',#1787,#1416,#1417);
#1217=AXIS2_PLACEMENT_3D('',#1791,#1419,#1420);
#1218=AXIS2_PLACEMENT_3D('',#1795,#1422,#1423);
#1219=AXIS2_PLACEMENT_3D('',#1799,#1425,#1426);
#1220=AXIS2_PLACEMENT_3D('',#1803,#1428,#1429);
#1221=AXIS2_PLACEMENT_3D('',#1807,#1431,#1432);
#1222=AXIS2_PLACEMENT_3D('',#1810,#1434,#1435);
#1223=AXIS2_PLACEMENT_3D('',#1811,#1436,#1437);
#1224=AXIS2_PLACEMENT_3D('',#1828,#1441,#1442);
#1225=AXIS2_PLACEMENT_3D('',#1841,#1443,#1444);
#1226=AXIS2_PLACEMENT_3D('',#1842,#1445,#1446);
#1227=AXIS2_PLACEMENT_3D('',#1843,#1447,#1448);
#1228=AXIS2_PLACEMENT_3D('',#1847,#1450,#1451);
#1229=AXIS2_PLACEMENT_3D('',#1851,#1453,#1454);
#1230=AXIS2_PLACEMENT_3D('',#1855,#1456,#1457);
#1231=AXIS2_PLACEMENT_3D('',#1859,#1459,#1460);
#1232=AXIS2_PLACEMENT_3D('',#1863,#1462,#1463);
#1233=AXIS2_PLACEMENT_3D('',#1867,#1465,#1466);
#1234=AXIS2_PLACEMENT_3D('',#1870,#1468,#1469);
#1235=AXIS2_PLACEMENT_3D('',#1871,#1470,#1471);
#1236=AXIS2_PLACEMENT_3D('',#1884,#1472,#1473);
#1237=AXIS2_PLACEMENT_3D('',#1895,#1474,#1475);
#1238=AXIS2_PLACEMENT_3D('',#1909,#1478,#1479);
#1239=AXIS2_PLACEMENT_3D('',#1921,#1480,#1481);
#1240=AXIS2_PLACEMENT_3D('',#1922,#1482,#1483);
#1241=AXIS2_PLACEMENT_3D('',#1935,#1484,#1485);
#1242=AXIS2_PLACEMENT_3D('',#1946,#1486,#1487);
#1243=AXIS2_PLACEMENT_3D('',#1960,#1490,#1491);
#1244=AXIS2_PLACEMENT_3D('',#1972,#1492,#1493);
#1245=AXIS2_PLACEMENT_3D('',#1973,#1494,#1495);
#1246=AXIS2_PLACEMENT_3D('',#1986,#1496,#1497);
#1247=AXIS2_PLACEMENT_3D('',#1997,#1498,#1499);
#1248=AXIS2_PLACEMENT_3D('',#2001,#1501,#1502);
#1249=AXIS2_PLACEMENT_3D('',#2003,#1504,#1505);
#1250=AXIS2_PLACEMENT_3D('',#2015,#1507,#1508);
#1251=AXIS2_PLACEMENT_3D('',#2026,#1509,#1510);
#1252=AXIS2_PLACEMENT_3D('',#2029,#1513,#1514);
#1253=AXIS2_PLACEMENT_3D('',#2030,#1515,#1516);
#1254=AXIS2_PLACEMENT_3D('',#2032,#1518,#1519);
#1255=AXIS2_PLACEMENT_3D('',#2034,#1521,#1522);
#1256=AXIS2_PLACEMENT_3D('',#2035,#1523,#1524);
#1257=AXIS2_PLACEMENT_3D('',#2036,#1525,#1526);
#1258=AXIS2_PLACEMENT_3D('',#2038,#1528,#1529);
#1259=AXIS2_PLACEMENT_3D('',#2040,#1531,#1532);
#1260=AXIS2_PLACEMENT_3D('',#2042,#1534,#1535);
#1261=AXIS2_PLACEMENT_3D('',#2043,#1536,#1537);
#1262=AXIS2_PLACEMENT_3D('',#2044,#1538,#1539);
#1263=AXIS2_PLACEMENT_3D('',#2047,#1541,#1542);
#1264=AXIS2_PLACEMENT_3D('',#2048,#1543,#1544);
#1265=AXIS2_PLACEMENT_3D('',#2050,#1545,#1546);
#1266=AXIS2_PLACEMENT_3D('',#2053,#1548,#1549);
#1267=AXIS2_PLACEMENT_3D('',#2054,#1550,#1551);
#1268=AXIS2_PLACEMENT_3D('',#2056,#1553,#1554);
#1269=AXIS2_PLACEMENT_3D('',#2058,#1556,#1557);
#1270=AXIS2_PLACEMENT_3D('',#2060,#1559,#1560);
#1271=AXIS2_PLACEMENT_3D('',#2061,#1561,#1562);
#1272=AXIS2_PLACEMENT_3D('',#2064,#1563,#1564);
#1273=AXIS2_PLACEMENT_3D('',#2068,#1566,#1567);
#1274=AXIS2_PLACEMENT_3D('',#2070,#1569,#1570);
#1275=AXIS2_PLACEMENT_3D('',#2072,#1571,#1572);
#1276=AXIS2_PLACEMENT_3D('',#2073,#1573,#1574);
#1277=AXIS2_PLACEMENT_3D('',#2074,#1575,#1576);
#1278=AXIS2_PLACEMENT_3D('',#2084,#1582,#1583);
#1279=AXIS2_PLACEMENT_3D('',#2088,#1585,#1586);
#1280=AXIS2_PLACEMENT_3D('',#2092,#1589,#1590);
#1281=AXIS2_PLACEMENT_3D('',#2096,#1593,#1594);
#1282=AXIS2_PLACEMENT_3D('',#2098,#1595,#1596);
#1283=AXIS2_PLACEMENT_3D('',#2100,#1598,#1599);
#1284=AXIS2_PLACEMENT_3D('',#2102,#1600,#1601);
#1285=AXIS2_PLACEMENT_3D('',#2103,#1602,#1603);
#1286=AXIS2_PLACEMENT_3D('',#2104,#1604,#1605);
#1287=AXIS2_PLACEMENT_3D('',#2112,#1610,#1611);
#1288=AXIS2_PLACEMENT_3D('',#2114,#1612,#1613);
#1289=AXIS2_PLACEMENT_3D('',#2116,#1614,#1615);
#1290=AXIS2_PLACEMENT_3D('',#2117,#1616,#1617);
#1291=AXIS2_PLACEMENT_3D('',#2118,#1618,#1619);
#1292=AXIS2_PLACEMENT_3D('',#2121,#1620,#1621);
#1293=AXIS2_PLACEMENT_3D('',#2122,#1622,#1623);
#1294=AXIS2_PLACEMENT_3D('',#2123,#1624,#1625);
#1295=AXIS2_PLACEMENT_3D('',#2124,#1626,#1627);
#1296=AXIS2_PLACEMENT_3D('',#2126,#1629,#1630);
#1297=AXIS2_PLACEMENT_3D('',#2128,#1631,#1632);
#1298=AXIS2_PLACEMENT_3D('',#2130,#1634,#1635);
#1299=AXIS2_PLACEMENT_3D('',#2133,#1638,#1639);
#1300=AXIS2_PLACEMENT_3D('',#2135,#1640,#1641);
#1301=AXIS2_PLACEMENT_3D('',#2137,#1643,#1644);
#1302=AXIS2_PLACEMENT_3D('',#2139,#1646,#1647);
#1303=AXIS2_PLACEMENT_3D('',#2141,#1649,#1650);
#1304=AXIS2_PLACEMENT_3D('',#2143,#1651,#1652);
#1305=AXIS2_PLACEMENT_3D('',#2144,#1653,#1654);
#1306=AXIS2_PLACEMENT_3D('',#2147,#1656,#1657);
#1307=AXIS2_PLACEMENT_3D('',#2148,#1658,#1659);
#1308=AXIS2_PLACEMENT_3D('',#2150,#1661,#1662);
#1309=AXIS2_PLACEMENT_3D('',#2152,#1664,#1665);
#1310=DIRECTION('axis',(0.,0.,1.));
#1311=DIRECTION('refdir',(1.,0.,0.));
#1312=DIRECTION('center_axis',(1.,0.,0.));
#1313=DIRECTION('ref_axis',(0.,-0.707106781186546,-0.707106781186549));
#1314=DIRECTION('center_axis',(0.707106781186547,0.,-0.707106781186548));
#1315=DIRECTION('ref_axis',(-0.707106781186548,1.47196168001604E-16,-0.707106781186547));
#1316=DIRECTION('',(1.,0.,0.));
#1317=DIRECTION('center_axis',(-1.,4.44089209850063E-15,0.));
#1318=DIRECTION('ref_axis',(0.,0.,-1.));
#1319=DIRECTION('',(-1.,0.,0.));
#1320=DIRECTION('center_axis',(-0.408248290463859,-0.816496580927726,0.408248290463866));
#1321=DIRECTION('ref_axis',(0.577350269189623,-0.577350269189625,-0.57735026918963));
#1322=DIRECTION('center_axis',(0.,-1.,0.));
#1323=DIRECTION('ref_axis',(0.707106781186545,0.,-0.70710678118655));
#1324=DIRECTION('center_axis',(0.,0.,-1.));
#1325=DIRECTION('ref_axis',(0.70710678118655,-0.707106781186545,0.));
#1326=DIRECTION('center_axis',(0.,1.,0.));
#1327=DIRECTION('ref_axis',(0.707106781186544,0.,-0.707106781186551));
#1328=DIRECTION('',(0.,1.,0.));
#1329=DIRECTION('center_axis',(0.,1.,0.));
#1330=DIRECTION('ref_axis',(0.707106781186545,0.,-0.70710678118655));
#1331=DIRECTION('',(0.,-1.,0.));
#1332=DIRECTION('center_axis',(0.,0.,-1.));
#1333=DIRECTION('ref_axis',(-1.,0.,0.));
#1334=DIRECTION('',(0.,1.,0.));
#1335=DIRECTION('',(-1.,0.,0.));
#1336=DIRECTION('center_axis',(-0.707106781186547,0.,0.707106781186548));
#1337=DIRECTION('ref_axis',(0.707106781186548,0.,0.707106781186547));
#1338=DIRECTION('',(-0.707106781186548,0.,-0.707106781186547));
#1339=DIRECTION('',(0.,1.,0.));
#1340=DIRECTION('',(0.707106781186548,0.,0.707106781186547));
#1341=DIRECTION('center_axis',(0.707106781186547,0.,-0.707106781186548));
#1342=DIRECTION('ref_axis',(-0.707106781186548,4.90653893338679E-17,-0.707106781186547));
#1343=DIRECTION('center_axis',(-1.,0.,0.));
#1344=DIRECTION('ref_axis',(0.,0.707106781186544,-0.707106781186551));
#1345=DIRECTION('',(1.,0.,0.));
#1346=DIRECTION('center_axis',(-1.,-1.97215226305253E-29,-4.44089209850062E-15));
#1347=DIRECTION('ref_axis',(0.,1.,-4.44089209850064E-15));
#1348=DIRECTION('center_axis',(0.40824829046386,-0.816496580927726,-0.408248290463867));
#1349=DIRECTION('ref_axis',(0.577350269189621,0.577350269189621,-0.577350269189635));
#1350=DIRECTION('center_axis',(0.,0.,-1.));
#1351=DIRECTION('ref_axis',(0.70710678118655,0.707106781186545,0.));
#1352=DIRECTION('center_axis',(0.,1.,0.));
#1353=DIRECTION('ref_axis',(0.,0.,1.));
#1354=DIRECTION('',(-0.707106781186548,0.,0.707106781186547));
#1355=DIRECTION('',(-0.707106781186548,0.,-0.707106781186547));
#1356=DIRECTION('',(-2.34679959242962E-16,0.,1.));
#1357=DIRECTION('',(-1.,0.,6.32376932616437E-16));
#1358=DIRECTION('',(0.,0.,1.));
#1359=DIRECTION('center_axis',(0.40824829046386,-0.816496580927727,0.408248290463864));
#1360=DIRECTION('ref_axis',(0.577350269189625,0.577350269189625,0.577350269189628));
#1361=DIRECTION('center_axis',(1.,4.44089209850064E-15,0.));
#1362=DIRECTION('ref_axis',(0.,0.,1.));
#1363=DIRECTION('center_axis',(0.,1.,0.));
#1364=DIRECTION('ref_axis',(1.,0.,0.));
#1365=DIRECTION('center_axis',(0.,0.,1.));
#1366=DIRECTION('ref_axis',(0.,1.,0.));
#1367=DIRECTION('center_axis',(0.408248290463866,-0.408248290463857,-0.816496580927727));
#1368=DIRECTION('ref_axis',(0.577350269189631,-0.577350269189623,0.577350269189624));
#1369=DIRECTION('center_axis',(0.,-1.,0.));
#1370=DIRECTION('ref_axis',(0.,0.,1.));
#1371=DIRECTION('center_axis',(1.,0.,-8.88178419700124E-15));
#1372=DIRECTION('ref_axis',(0.,-1.,0.));
#1373=DIRECTION('center_axis',(0.,0.,1.));
#1374=DIRECTION('ref_axis',(1.,0.,0.));
#1375=DIRECTION('center_axis',(-1.,0.,6.32376932616437E-16));
#1376=DIRECTION('ref_axis',(0.,-0.707106781186547,0.707106781186548));
#1377=DIRECTION('center_axis',(1.,0.,2.34679959242962E-16));
#1378=DIRECTION('ref_axis',(0.,-0.707106781186547,0.707106781186548));
#1379=DIRECTION('',(1.,0.,-6.32376932616437E-16));
#1380=DIRECTION('',(-1.,0.,6.32376932616437E-16));
#1381=DIRECTION('center_axis',(0.,0.,1.));
#1382=DIRECTION('ref_axis',(0.707106781186549,-0.707106781186546,0.));
#1383=DIRECTION('',(0.,0.,1.));
#1384=DIRECTION('',(0.,0.,-1.));
#1385=DIRECTION('center_axis',(0.,0.,-1.));
#1386=DIRECTION('ref_axis',(0.707106781186551,0.707106781186544,0.));
#1387=DIRECTION('',(0.,0.,-1.));
#1388=DIRECTION('center_axis',(0.,1.,0.));
#1389=DIRECTION('ref_axis',(0.707106781186546,0.,0.707106781186549));
#1390=DIRECTION('',(0.,-1.,0.));
#1391=DIRECTION('',(0.,1.,0.));
#1392=DIRECTION('center_axis',(1.,0.,-6.32376932616437E-16));
#1393=DIRECTION('ref_axis',(1.57009245868378E-15,0.707106781186546,0.707106781186549));
#1394=DIRECTION('center_axis',(1.,0.,2.34679959242962E-16));
#1395=DIRECTION('ref_axis',(1.57009245868378E-15,0.707106781186546,0.707106781186549));
#1396=DIRECTION('',(1.,0.,-6.32376932616437E-16));
#1397=DIRECTION('center_axis',(0.,1.,0.));
#1398=DIRECTION('ref_axis',(1.,0.,0.));
#1399=DIRECTION('',(-2.34679959242962E-16,0.,1.));
#1400=DIRECTION('',(0.707106781186548,0.,0.707106781186547));
#1401=DIRECTION('',(0.707106781186548,0.,-0.707106781186547));
#1402=DIRECTION('center_axis',(1.,0.,0.));
#1403=DIRECTION('ref_axis',(0.,0.,-1.));
#1404=DIRECTION('center_axis',(0.,0.,1.));
#1405=DIRECTION('ref_axis',(1.,0.,0.));
#1406=DIRECTION('center_axis',(0.,0.,-1.));
#1407=DIRECTION('ref_axis',(-0.707107918253269,-0.707105644117997,0.));
#1408=DIRECTION('center_axis',(0.,0.,1.));
#1409=DIRECTION('ref_axis',(-0.707107918253269,-0.707105644117997,0.));
#1410=DIRECTION('center_axis',(0.,0.,1.));
#1411=DIRECTION('ref_axis',(-1.,0.,0.));
#1412=DIRECTION('',(-1.,-1.27246279322955E-15,0.));
#1413=DIRECTION('center_axis',(0.,0.,1.));
#1414=DIRECTION('ref_axis',(-1.,0.,0.));
#1415=DIRECTION('',(-1.,-6.36231982917196E-16,0.));
#1416=DIRECTION('center_axis',(0.,0.,1.));
#1417=DIRECTION('ref_axis',(-0.707106647548274,0.707106914824796,0.));
#1418=DIRECTION('',(0.,1.,0.));
#1419=DIRECTION('center_axis',(0.,0.,1.));
#1420=DIRECTION('ref_axis',(-1.,0.,0.));
#1421=DIRECTION('',(-4.77173573250582E-16,1.,0.));
#1422=DIRECTION('center_axis',(0.,0.,1.));
#1423=DIRECTION('ref_axis',(0.707105777756428,0.707107784615243,0.));
#1424=DIRECTION('',(1.,0.,0.));
#1425=DIRECTION('center_axis',(0.,0.,1.));
#1426=DIRECTION('ref_axis',(-1.,0.,0.));
#1427=DIRECTION('',(1.,0.,0.));
#1428=DIRECTION('center_axis',(0.,0.,1.));
#1429=DIRECTION('ref_axis',(0.707106781186548,-0.707106781186548,0.));
#1430=DIRECTION('',(0.,-1.,0.));
#1431=DIRECTION('center_axis',(0.,0.,1.));
#1432=DIRECTION('ref_axis',(-1.,0.,0.));
#1433=DIRECTION('',(0.,-1.,0.));
#1434=DIRECTION('center_axis',(0.,0.,1.));
#1435=DIRECTION('ref_axis',(-1.,0.,0.));
#1436=DIRECTION('center_axis',(-1.27246279322955E-15,1.,0.));
#1437=DIRECTION('ref_axis',(-1.,-1.27246279322955E-15,0.));
#1438=DIRECTION('',(0.,0.,1.));
#1439=DIRECTION('',(-1.,-1.27246279322955E-15,0.));
#1440=DIRECTION('',(0.,0.,1.));
#1441=DIRECTION('center_axis',(0.,0.,1.));
#1442=DIRECTION('ref_axis',(1.,0.,0.));
#1443=DIRECTION('center_axis',(0.,0.,-1.));
#1444=DIRECTION('ref_axis',(-0.707107918253269,-0.707105644117997,0.));
#1445=DIRECTION('center_axis',(0.,0.,1.));
#1446=DIRECTION('ref_axis',(-0.707107918253269,-0.707105644117997,0.));
#1447=DIRECTION('center_axis',(0.,0.,1.));
#1448=DIRECTION('ref_axis',(-1.,0.,0.));
#1449=DIRECTION('',(0.,1.,0.));
#1450=DIRECTION('center_axis',(0.,0.,-1.));
#1451=DIRECTION('ref_axis',(-1.,0.,0.));
#1452=DIRECTION('',(0.,-1.,0.));
#1453=DIRECTION('center_axis',(0.,0.,-1.));
#1454=DIRECTION('ref_axis',(0.707106781186548,-0.707106781186548,0.));
#1455=DIRECTION('',(-1.,0.,0.));
#1456=DIRECTION('center_axis',(0.,0.,-1.));
#1457=DIRECTION('ref_axis',(-1.,0.,0.));
#1458=DIRECTION('',(1.,0.,0.));
#1459=DIRECTION('center_axis',(0.,0.,-1.));
#1460=DIRECTION('ref_axis',(0.707105777756428,0.707107784615243,0.));
#1461=DIRECTION('',(4.77173573250582E-16,-1.,0.));
#1462=DIRECTION('center_axis',(0.,0.,-1.));
#1463=DIRECTION('ref_axis',(-1.,0.,0.));
#1464=DIRECTION('',(0.,1.,0.));
#1465=DIRECTION('center_axis',(0.,0.,-1.));
#1466=DIRECTION('ref_axis',(-0.707106647548274,0.707106914824796,0.));
#1467=DIRECTION('',(1.,6.36231982917196E-16,0.));
#1468=DIRECTION('center_axis',(0.,0.,-1.));
#1469=DIRECTION('ref_axis',(-1.,0.,0.));
#1470=DIRECTION('center_axis',(0.,0.,1.));
#1471=DIRECTION('ref_axis',(1.,0.,0.));
#1472=DIRECTION('center_axis',(0.,0.,-1.));
#1473=DIRECTION('ref_axis',(0.707106781186548,-0.707106781186548,0.));
#1474=DIRECTION('center_axis',(-1.,0.,0.));
#1475=DIRECTION('ref_axis',(0.,-1.,0.));
#1476=DIRECTION('',(0.,0.,1.));
#1477=DIRECTION('',(0.,0.,1.));
#1478=DIRECTION('center_axis',(0.,0.,1.));
#1479=DIRECTION('ref_axis',(1.,0.,0.));
#1480=DIRECTION('center_axis',(0.,0.,1.));
#1481=DIRECTION('ref_axis',(0.707106781186548,-0.707106781186548,0.));
#1482=DIRECTION('center_axis',(0.,0.,1.));
#1483=DIRECTION('ref_axis',(1.,0.,0.));
#1484=DIRECTION('center_axis',(0.,0.,-1.));
#1485=DIRECTION('ref_axis',(0.707105777756428,0.707107784615243,0.));
#1486=DIRECTION('center_axis',(0.,-1.,0.));
#1487=DIRECTION('ref_axis',(1.,0.,0.));
#1488=DIRECTION('',(0.,0.,1.));
#1489=DIRECTION('',(0.,0.,1.));
#1490=DIRECTION('center_axis',(0.,0.,1.));
#1491=DIRECTION('ref_axis',(1.,0.,0.));
#1492=DIRECTION('center_axis',(0.,0.,1.));
#1493=DIRECTION('ref_axis',(0.707105777756428,0.707107784615243,0.));
#1494=DIRECTION('center_axis',(0.,0.,1.));
#1495=DIRECTION('ref_axis',(1.,0.,0.));
#1496=DIRECTION('center_axis',(0.,0.,-1.));
#1497=DIRECTION('ref_axis',(-0.707106647548274,0.707106914824796,0.));
#1498=DIRECTION('center_axis',(0.,0.,1.));
#1499=DIRECTION('ref_axis',(-1.,0.,0.));
#1500=DIRECTION('',(0.,0.,1.));
#1501=DIRECTION('center_axis',(0.,0.,1.));
#1502=DIRECTION('ref_axis',(-0.707106647548274,0.707106914824796,0.));
#1503=DIRECTION('',(0.,0.,1.));
#1504=DIRECTION('center_axis',(6.36231982917196E-16,-1.,0.));
#1505=DIRECTION('ref_axis',(1.,6.36231982917196E-16,0.));
#1506=DIRECTION('',(0.,0.,1.));
#1507=DIRECTION('center_axis',(0.,0.,1.));
#1508=DIRECTION('ref_axis',(1.,0.,0.));
#1509=DIRECTION('center_axis',(0.,1.,0.));
#1510=DIRECTION('ref_axis',(-1.,0.,0.));
#1511=DIRECTION('',(0.,0.,1.));
#1512=DIRECTION('',(0.,0.,1.));
#1513=DIRECTION('center_axis',(0.,0.,1.));
#1514=DIRECTION('ref_axis',(-1.,0.,0.));
#1515=DIRECTION('center_axis',(0.,0.,1.));
#1516=DIRECTION('ref_axis',(-2.17831191246414E-8,1.,0.));
#1517=DIRECTION('',(0.,0.,1.));
#1518=DIRECTION('center_axis',(1.,0.,0.));
#1519=DIRECTION('ref_axis',(0.,1.,0.));
#1520=DIRECTION('',(0.,0.,1.));
#1521=DIRECTION('center_axis',(0.,0.,1.));
#1522=DIRECTION('ref_axis',(-1.,0.,0.));
#1523=DIRECTION('center_axis',(0.,0.,1.));
#1524=DIRECTION('ref_axis',(1.,-1.22464679914735E-16,0.));
#1525=DIRECTION('center_axis',(1.,0.,0.));
#1526=DIRECTION('ref_axis',(0.,1.,0.));
#1527=DIRECTION('',(0.,0.,1.));
#1528=DIRECTION('center_axis',(0.,0.,1.));
#1529=DIRECTION('ref_axis',(-1.,0.,0.));
#1530=DIRECTION('',(0.,0.,1.));
#1531=DIRECTION('center_axis',(-1.,-4.77173573250582E-16,0.));
#1532=DIRECTION('ref_axis',(4.77173573250582E-16,-1.,0.));
#1533=DIRECTION('',(0.,0.,1.));
#1534=DIRECTION('center_axis',(0.,0.,1.));
#1535=DIRECTION('ref_axis',(-1.,0.,0.));
#1536=DIRECTION('center_axis',(0.,0.,1.));
#1537=DIRECTION('ref_axis',(-1.,0.,0.));
#1538=DIRECTION('center_axis',(0.,0.,1.));
#1539=DIRECTION('ref_axis',(-1.,0.,0.));
#1540=DIRECTION('',(0.,0.,-1.));
#1541=DIRECTION('center_axis',(-6.32376932616437E-16,0.,-1.));
#1542=DIRECTION('ref_axis',(-1.,0.,0.));
#1543=DIRECTION('center_axis',(1.,0.,0.));
#1544=DIRECTION('ref_axis',(0.,-1.,0.));
#1545=DIRECTION('center_axis',(1.,0.,2.34679959242962E-16));
#1546=DIRECTION('ref_axis',(0.,-1.,0.));
#1547=DIRECTION('',(1.,0.,0.));
#1548=DIRECTION('center_axis',(-0.707106781186547,0.,0.707106781186548));
#1549=DIRECTION('ref_axis',(-0.707106781186548,0.,-0.707106781186547));
#1550=DIRECTION('center_axis',(-0.707106781186547,0.,-0.707106781186548));
#1551=DIRECTION('ref_axis',(-0.707106781186548,0.,0.707106781186547));
#1552=DIRECTION('',(0.,1.,0.));
#1553=DIRECTION('center_axis',(6.32376932616437E-16,0.,1.));
#1554=DIRECTION('ref_axis',(1.,0.,-6.32376932616437E-16));
#1555=DIRECTION('',(0.,1.,0.));
#1556=DIRECTION('center_axis',(-1.,0.,-2.34679959242962E-16));
#1557=DIRECTION('ref_axis',(-2.34679959242962E-16,0.,1.));
#1558=DIRECTION('',(0.,1.,0.));
#1559=DIRECTION('center_axis',(0.707106781186547,0.,-0.707106781186548));
#1560=DIRECTION('ref_axis',(-0.707106781186548,0.,-0.707106781186547));
#1561=DIRECTION('center_axis',(-1.,0.,3.39749755905125E-16));
#1562=DIRECTION('ref_axis',(0.,-0.707106781186546,-0.707106781186549));
#1563=DIRECTION('center_axis',(-0.707106781186548,0.,-0.707106781186547));
#1564=DIRECTION('ref_axis',(0.707106781186547,0.,-0.707106781186548));
#1565=DIRECTION('',(-1.,0.,3.39749755905125E-16));
#1566=DIRECTION('center_axis',(1.,0.,0.));
#1567=DIRECTION('ref_axis',(0.,-1.,-4.44089209850063E-15));
#1568=DIRECTION('',(1.,0.,-3.39749755905125E-16));
#1569=DIRECTION('center_axis',(0.408248290463861,0.408248290463861,-0.816496580927728));
#1570=DIRECTION('ref_axis',(-0.577350269189629,-0.577350269189627,-0.577350269189622));
#1571=DIRECTION('center_axis',(-3.91653303942161E-16,0.,-1.));
#1572=DIRECTION('ref_axis',(-0.70710678118655,-0.707106781186545,0.));
#1573=DIRECTION('center_axis',(0.,-1.,0.));
#1574=DIRECTION('ref_axis',(-0.707106781186548,0.,-0.707106781186548));
#1575=DIRECTION('center_axis',(0.,1.,0.));
#1576=DIRECTION('ref_axis',(1.,0.,0.));
#1577=DIRECTION('',(-0.707106781186547,0.,0.707106781186548));
#1578=DIRECTION('',(0.707106781186548,0.,0.707106781186547));
#1579=DIRECTION('',(3.91364223047011E-16,0.,1.));
#1580=DIRECTION('',(1.,0.,0.));
#1581=DIRECTION('',(3.91653303942161E-16,0.,1.));
#1582=DIRECTION('center_axis',(0.707106781186548,0.,0.707106781186547));
#1583=DIRECTION('ref_axis',(0.707106781186547,0.,-0.707106781186548));
#1584=DIRECTION('',(0.,1.,0.));
#1585=DIRECTION('center_axis',(-0.707106781186548,0.,-0.707106781186547));
#1586=DIRECTION('ref_axis',(0.707106781186547,-4.9065389333868E-17,-0.707106781186548));
#1587=DIRECTION('',(0.707106781186547,0.,-0.707106781186548));
#1588=DIRECTION('',(0.,1.,0.));
#1589=DIRECTION('center_axis',(-3.39749755905125E-16,0.,-1.));
#1590=DIRECTION('ref_axis',(-1.,0.,3.39749755905125E-16));
#1591=DIRECTION('',(0.,-1.,0.));
#1592=DIRECTION('',(-1.,0.,3.39749755905125E-16));
#1593=DIRECTION('center_axis',(-1.,0.,3.39749755905125E-16));
#1594=DIRECTION('ref_axis',(0.,0.707106781186544,-0.707106781186551));
#1595=DIRECTION('center_axis',(1.,0.,0.));
#1596=DIRECTION('ref_axis',(0.,0.,-1.));
#1597=DIRECTION('',(1.,0.,-3.39749755905125E-16));
#1598=DIRECTION('center_axis',(0.408248290463861,-0.408248290463861,-0.816496580927728));
#1599=DIRECTION('ref_axis',(-0.577350269189631,0.577350269189623,-0.577350269189623));
#1600=DIRECTION('center_axis',(0.,1.,0.));
#1601=DIRECTION('ref_axis',(-0.707106781186548,0.,-0.707106781186548));
#1602=DIRECTION('center_axis',(-3.91653303942161E-16,0.,-1.));
#1603=DIRECTION('ref_axis',(-0.70710678118655,0.707106781186545,0.));
#1604=DIRECTION('center_axis',(0.,1.,0.));
#1605=DIRECTION('ref_axis',(0.,0.,1.));
#1606=DIRECTION('',(-3.91653303942161E-16,0.,-1.));
#1607=DIRECTION('',(-1.,0.,0.));
#1608=DIRECTION('',(-3.91364223047011E-16,0.,-1.));
#1609=DIRECTION('',(-0.707106781186548,0.,-0.707106781186547));
#1610=DIRECTION('center_axis',(-0.408248290463861,0.408248290463861,-0.816496580927728));
#1611=DIRECTION('ref_axis',(-0.57735026918963,0.577350269189623,0.577350269189625));
#1612=DIRECTION('center_axis',(0.,0.,1.));
#1613=DIRECTION('ref_axis',(-1.,0.,0.));
#1614=DIRECTION('center_axis',(0.,1.,0.));
#1615=DIRECTION('ref_axis',(0.,0.,1.));
#1616=DIRECTION('center_axis',(-1.,0.,0.));
#1617=DIRECTION('ref_axis',(0.,1.,0.));
#1618=DIRECTION('center_axis',(0.40824829046386,-0.816496580927727,-0.408248290463864));
#1619=DIRECTION('ref_axis',(-0.577350269189624,-0.577350269189627,0.577350269189627));
#1620=DIRECTION('center_axis',(0.,-1.,0.));
#1621=DIRECTION('ref_axis',(-1.,0.,0.));
#1622=DIRECTION('center_axis',(0.,0.,1.));
#1623=DIRECTION('ref_axis',(0.,-1.,0.));
#1624=DIRECTION('center_axis',(-1.,0.,0.));
#1625=DIRECTION('ref_axis',(0.,0.,1.));
#1626=DIRECTION('center_axis',(3.91653303942161E-16,0.,1.));
#1627=DIRECTION('ref_axis',(-0.707106781186549,-0.707106781186546,0.));
#1628=DIRECTION('',(-3.91653303942161E-16,0.,-1.));
#1629=DIRECTION('center_axis',(-1.,0.,0.));
#1630=DIRECTION('ref_axis',(0.,-0.707106781186547,0.707106781186548));
#1631=DIRECTION('center_axis',(-1.,0.,3.91364223047011E-16));
#1632=DIRECTION('ref_axis',(0.,-0.707106781186547,0.707106781186548));
#1633=DIRECTION('',(-1.,0.,0.));
#1634=DIRECTION('center_axis',(0.,1.,0.));
#1635=DIRECTION('ref_axis',(-0.707106781186547,0.,0.707106781186548));
#1636=DIRECTION('',(0.,-1.,0.));
#1637=DIRECTION('',(0.,1.,0.));
#1638=DIRECTION('center_axis',(1.,0.,0.));
#1639=DIRECTION('ref_axis',(0.,0.707106781186546,0.707106781186549));
#1640=DIRECTION('center_axis',(-1.,0.,3.91364223047011E-16));
#1641=DIRECTION('ref_axis',(0.,0.707106781186546,0.707106781186549));
#1642=DIRECTION('',(1.,0.,0.));
#1643=DIRECTION('center_axis',(3.91653303942161E-16,0.,1.));
#1644=DIRECTION('ref_axis',(-0.707106781186551,0.707106781186544,0.));
#1645=DIRECTION('',(3.91653303942161E-16,0.,1.));
#1646=DIRECTION('center_axis',(0.,1.,0.));
#1647=DIRECTION('ref_axis',(-0.707106781186548,0.,-0.707106781186548));
#1648=DIRECTION('',(0.,1.,0.));
#1649=DIRECTION('center_axis',(-1.,0.,3.91653303942161E-16));
#1650=DIRECTION('ref_axis',(3.91653303942161E-16,0.,1.));
#1651=DIRECTION('center_axis',(1.,0.,-3.91653303942161E-16));
#1652=DIRECTION('ref_axis',(0.,-1.,0.));
#1653=DIRECTION('center_axis',(1.,0.,0.));
#1654=DIRECTION('ref_axis',(0.,-1.,0.));
#1655=DIRECTION('',(1.,0.,0.));
#1656=DIRECTION('center_axis',(-1.,0.,3.91364223047011E-16));
#1657=DIRECTION('ref_axis',(0.,-1.,0.));
#1658=DIRECTION('center_axis',(0.707106781186547,0.,-0.707106781186548));
#1659=DIRECTION('ref_axis',(-0.707106781186548,0.,-0.707106781186547));
#1660=DIRECTION('',(0.,1.,0.));
#1661=DIRECTION('center_axis',(1.,0.,-3.91364223047011E-16));
#1662=DIRECTION('ref_axis',(-3.91364223047011E-16,0.,-1.));
#1663=DIRECTION('',(0.,1.,0.));
#1664=DIRECTION('center_axis',(0.,0.,1.));
#1665=DIRECTION('ref_axis',(1.,0.,0.));
#1666=CARTESIAN_POINT('',(0.,0.,0.));
#1667=CARTESIAN_POINT('Origin',(10.5585046789419,0.5,-17.1776695296637));
#1668=CARTESIAN_POINT('',(11.1066017177982,0.,-17.1776695296637));
#1669=CARTESIAN_POINT('',(10.6066017177982,0.5,-17.6776695296637));
#1670=CARTESIAN_POINT('Origin',(11.1066017177982,0.5,-17.1776695296637));
#1671=CARTESIAN_POINT('',(16.642135623731,0.5,-17.6776695296637));
#1672=CARTESIAN_POINT('',(10.5585046789419,0.5,-17.6776695296637));
#1673=CARTESIAN_POINT('',(16.642135623731,0.,-17.1776695296637));
#1674=CARTESIAN_POINT('Origin',(16.642135623731,0.5,-17.1776695296637));
#1675=CARTESIAN_POINT('',(10.5585046789419,0.,-17.1776695296637));
#1676=CARTESIAN_POINT('Origin',(16.642135623731,0.5,-17.1776695296637));
#1677=CARTESIAN_POINT('',(17.142135623731,0.5,-17.1776695296637));
#1678=CARTESIAN_POINT('Origin',(16.642135623731,0.5,-17.1776695296637));
#1679=CARTESIAN_POINT('Origin',(16.642135623731,0.5,-17.1776695296637));
#1680=CARTESIAN_POINT('Origin',(16.642135623731,0.,-17.1776695296637));
#1681=CARTESIAN_POINT('',(16.642135623731,29.5,-17.6776695296637));
#1682=CARTESIAN_POINT('',(16.642135623731,0.,-17.6776695296637));
#1683=CARTESIAN_POINT('',(17.142135623731,29.5,-17.1776695296637));
#1684=CARTESIAN_POINT('Origin',(16.642135623731,29.5,-17.1776695296637));
#1685=CARTESIAN_POINT('',(17.142135623731,0.,-17.1776695296637));
#1686=CARTESIAN_POINT('Origin',(17.142135623731,0.,-17.6776695296637));
#1687=CARTESIAN_POINT('',(10.6066017177982,29.5,-17.6776695296637));
#1688=CARTESIAN_POINT('',(10.6066017177982,0.,-17.6776695296637));
#1689=CARTESIAN_POINT('',(10.5585046789419,29.5,-17.6776695296637));
#1690=CARTESIAN_POINT('Origin',(10.6066017177982,0.,-17.6776695296637));
#1691=CARTESIAN_POINT('',(14.142135623731,0.,-14.1421356237309));
#1692=CARTESIAN_POINT('',(14.142135623731,0.,-14.1421356237309));
#1693=CARTESIAN_POINT('',(14.142135623731,30.,-14.1421356237309));
#1694=CARTESIAN_POINT('',(14.142135623731,0.,-14.1421356237309));
#1695=CARTESIAN_POINT('',(11.1066017177982,30.,-17.1776695296637));
#1696=CARTESIAN_POINT('',(14.142135623731,30.,-14.1421356237309));
#1697=CARTESIAN_POINT('Origin',(11.1066017177982,29.5,-17.1776695296637));
#1698=CARTESIAN_POINT('Origin',(10.5585046789419,29.5,-17.1776695296637));
#1699=CARTESIAN_POINT('',(16.642135623731,30.,-17.1776695296637));
#1700=CARTESIAN_POINT('',(10.5585046789419,30.,-17.1776695296637));
#1701=CARTESIAN_POINT('Origin',(16.642135623731,29.5,-17.1776695296637));
#1702=CARTESIAN_POINT('Origin',(16.642135623731,29.5,-17.1776695296637));
#1703=CARTESIAN_POINT('Origin',(16.642135623731,29.5,-17.1776695296637));
#1704=CARTESIAN_POINT('Origin',(3.97487373415291,30.,-6.33883476483183));
#1705=CARTESIAN_POINT('',(0.,30.,0.));
#1706=CARTESIAN_POINT('',(0.,30.,0.));
#1707=CARTESIAN_POINT('',(-9.19238815542512,30.,-9.19238815542512));
#1708=CARTESIAN_POINT('',(-14.142135623731,30.,-14.1421356237309));
#1709=CARTESIAN_POINT('',(-9.19238815542512,30.,4.50000000000001));
#1710=CARTESIAN_POINT('',(-9.19238815542512,30.,-9.19238815542512));
#1711=CARTESIAN_POINT('',(16.642135623731,30.,4.5));
#1712=CARTESIAN_POINT('',(-2.6087572106361,30.,4.50000000000001));
#1713=CARTESIAN_POINT('',(16.642135623731,30.,-0.669417382415917));
#1714=CARTESIAN_POINT('Origin',(16.642135623731,29.5,4.5));
#1715=CARTESIAN_POINT('',(16.642135623731,29.5,5.));
#1716=CARTESIAN_POINT('Origin',(16.642135623731,29.5,4.5));
#1717=CARTESIAN_POINT('',(17.142135623731,29.5,4.5));
#1718=CARTESIAN_POINT('Origin',(16.642135623731,29.5,4.5));
#1719=CARTESIAN_POINT('Origin',(16.642135623731,29.5,4.5));
#1720=CARTESIAN_POINT('Origin',(16.642135623731,0.5,4.5));
#1721=CARTESIAN_POINT('',(16.642135623731,0.5,5.));
#1722=CARTESIAN_POINT('',(17.142135623731,0.5,4.5));
#1723=CARTESIAN_POINT('Origin',(16.642135623731,0.5,4.5));
#1724=CARTESIAN_POINT('',(16.642135623731,0.,4.5));
#1725=CARTESIAN_POINT('Origin',(16.642135623731,0.5,4.5));
#1726=CARTESIAN_POINT('Origin',(16.642135623731,0.5,4.5));
#1727=CARTESIAN_POINT('Origin',(-2.6087572106361,0.5,4.50000000000001));
#1728=CARTESIAN_POINT('',(-9.19238815542512,0.5,5.00000000000002));
#1729=CARTESIAN_POINT('',(-9.19238815542512,0.,4.50000000000001));
#1730=CARTESIAN_POINT('Origin',(-9.19238815542511,0.5,4.50000000000001));
#1731=CARTESIAN_POINT('',(-2.6087572106361,0.,4.50000000000001));
#1732=CARTESIAN_POINT('',(-2.6087572106361,0.5,5.00000000000001));
#1733=CARTESIAN_POINT('Origin',(16.642135623731,0.5,-0.669417382415917));
#1734=CARTESIAN_POINT('',(17.142135623731,0.5,-0.669417382415917));
#1735=CARTESIAN_POINT('',(16.642135623731,0.,-0.669417382415917));
#1736=CARTESIAN_POINT('Origin',(16.642135623731,29.5,-0.669417382415917));
#1737=CARTESIAN_POINT('',(17.142135623731,29.5,-0.669417382415917));
#1738=CARTESIAN_POINT('Origin',(16.642135623731,0.,4.5));
#1739=CARTESIAN_POINT('',(16.642135623731,0.,5.));
#1740=CARTESIAN_POINT('',(17.142135623731,0.,4.5));
#1741=CARTESIAN_POINT('Origin',(-2.6087572106361,29.5,4.50000000000001));
#1742=CARTESIAN_POINT('',(-9.19238815542512,29.5,5.00000000000002));
#1743=CARTESIAN_POINT('Origin',(-9.19238815542511,29.5,4.50000000000001));
#1744=CARTESIAN_POINT('',(-2.6087572106361,29.5,5.00000000000001));
#1745=CARTESIAN_POINT('Origin',(3.97487373415292,0.,-6.33883476483183));
#1746=CARTESIAN_POINT('',(-9.19238815542512,0.,-9.19238815542512));
#1747=CARTESIAN_POINT('',(-9.19238815542512,0.,-9.19238815542512));
#1748=CARTESIAN_POINT('',(0.,0.,0.));
#1749=CARTESIAN_POINT('',(-14.142135623731,0.,-14.1421356237309));
#1750=CARTESIAN_POINT('',(0.,0.,0.));
#1751=CARTESIAN_POINT('Origin',(17.142135623731,0.,5.));
#1752=CARTESIAN_POINT('Origin',(3.97487373415292,15.,10.3));
#1753=CARTESIAN_POINT('',(3.47487373415292,2.81025020765397,10.));
#1754=CARTESIAN_POINT('',(3.47487373415292,2.5100040032032,10.3));
#1755=CARTESIAN_POINT('Ctrl Pts',(3.47487373415292,2.81025020765397,10.));
#1756=CARTESIAN_POINT('Ctrl Pts',(3.47487373415292,2.77318542583704,10.));
#1757=CARTESIAN_POINT('Ctrl Pts',(3.47487373415292,2.72956127408204,10.0086719419563));
#1758=CARTESIAN_POINT('Ctrl Pts',(3.47487373415292,2.66108482089638,10.0370222710494));
#1759=CARTESIAN_POINT('Ctrl Pts',(3.47487373415292,2.62411225314366,10.0617113700495));
#1760=CARTESIAN_POINT('Ctrl Pts',(3.47487373415292,2.5717183546054,10.1140796085338));
#1761=CARTESIAN_POINT('Ctrl Pts',(3.47487373415292,2.54702099739099,10.1510195136498));
#1762=CARTESIAN_POINT('Ctrl Pts',(3.47487373415292,2.5186742965651,10.2194226391174));
#1763=CARTESIAN_POINT('Ctrl Pts',(3.47487373415292,2.5100040032032,10.2629855443277));
#1764=CARTESIAN_POINT('Ctrl Pts',(3.47487373415292,2.5100040032032,10.3));
#1765=CARTESIAN_POINT('',(-8.51512387063576,14.5000401692404,10.3));
#1766=CARTESIAN_POINT('Origin',(3.97487373415292,15.,10.3));
#1767=CARTESIAN_POINT('',(-8.21487770579149,14.5000401692404,10.));
#1768=CARTESIAN_POINT('Ctrl Pts',(-8.51512387063576,14.5000401692404,10.3));
#1769=CARTESIAN_POINT('Ctrl Pts',(-8.51512387063576,14.5000401692404,10.2629855427826));
#1770=CARTESIAN_POINT('Ctrl Pts',(-8.50645357769983,14.5000401692404,10.219422635597));
#1771=CARTESIAN_POINT('Ctrl Pts',(-8.47810687843513,14.5000401692404,10.1510195087745));
#1772=CARTESIAN_POINT('Ctrl Pts',(-8.4534095234715,14.5000401692404,10.11407960344));
#1773=CARTESIAN_POINT('Ctrl Pts',(-8.40101563039631,14.5000401692404,10.061711366291));
#1774=CARTESIAN_POINT('Ctrl Pts',(-8.36404306767939,14.5000401692404,10.0370222682132));
#1775=CARTESIAN_POINT('Ctrl Pts',(-8.29556662493502,14.5000401692404,10.0086719412652));
#1776=CARTESIAN_POINT('Ctrl Pts',(-8.25194248105752,14.5000401692404,10.));
#1777=CARTESIAN_POINT('Ctrl Pts',(-8.21487770579149,14.5000401692404,10.));
#1778=CARTESIAN_POINT('Origin',(3.97487373415292,15.,10.));
#1779=CARTESIAN_POINT('Origin',(3.97487373415292,15.,10.));
#1780=CARTESIAN_POINT('',(-5.02512626746065,14.5000401692404,10.));
#1781=CARTESIAN_POINT('',(-5.02512626746065,14.5000401692404,10.));
#1782=CARTESIAN_POINT('',(-5.02512626746065,15.5000401692404,10.));
#1783=CARTESIAN_POINT('Origin',(-5.02512626746065,15.0000401692404,10.));
#1784=CARTESIAN_POINT('',(-8.21487441046213,15.5000401692404,10.));
#1785=CARTESIAN_POINT('',(-5.02512626746065,15.5000401692404,10.));
#1786=CARTESIAN_POINT('',(3.47483828595661,27.1897483382778,10.));
#1787=CARTESIAN_POINT('Origin',(3.97487373415292,15.,10.));
#1788=CARTESIAN_POINT('',(3.47483828595661,24.0000000012566,10.));
#1789=CARTESIAN_POINT('',(3.47483828595661,24.0000000012566,10.));
#1790=CARTESIAN_POINT('',(4.47483828595661,24.0000000012566,10.));
#1791=CARTESIAN_POINT('Origin',(3.97483828595661,24.0000000012566,10.));
#1792=CARTESIAN_POINT('',(4.47483828595661,27.189751246311,10.));
#1793=CARTESIAN_POINT('',(4.47483828595661,24.0000000012566,10.));
#1794=CARTESIAN_POINT('',(16.1646235264989,15.5,10.));
#1795=CARTESIAN_POINT('Origin',(3.97487373415292,15.,10.));
#1796=CARTESIAN_POINT('',(12.9748741678198,15.5,10.));
#1797=CARTESIAN_POINT('',(12.9748741678198,15.5,10.));
#1798=CARTESIAN_POINT('',(12.9748739649122,14.5,10.));
#1799=CARTESIAN_POINT('Origin',(12.9748737341529,15.,10.));
#1800=CARTESIAN_POINT('',(16.1646235264989,14.5,10.));
#1801=CARTESIAN_POINT('',(12.9748739649122,14.5,10.));
#1802=CARTESIAN_POINT('',(4.47487373415292,2.81025020765397,10.));
#1803=CARTESIAN_POINT('Origin',(3.97487373415292,15.,10.));
#1804=CARTESIAN_POINT('',(4.47487373415292,5.99999966444535,10.));
#1805=CARTESIAN_POINT('',(4.47487373415292,5.99999966444535,10.));
#1806=CARTESIAN_POINT('',(3.47487373415292,5.99999964266223,10.));
#1807=CARTESIAN_POINT('Origin',(3.97487373415292,6.,10.));
#1808=CARTESIAN_POINT('',(3.47487373415292,5.99999964266223,10.));
#1809=CARTESIAN_POINT('',(11.4748737341529,15.,10.));
#1810=CARTESIAN_POINT('Origin',(3.97487373415292,15.,10.));
#1811=CARTESIAN_POINT('Origin',(-5.02512626746065,14.5000401692404,10.));
#1812=CARTESIAN_POINT('',(-8.51512387063576,14.5000401692404,11.7));
#1813=CARTESIAN_POINT('',(-8.51512387063576,14.5000401692404,10.));
#1814=CARTESIAN_POINT('',(-8.21487770579149,14.5000401692404,12.));
#1815=CARTESIAN_POINT('Ctrl Pts',(-8.21487770579149,14.5000401692404,12.));
#1816=CARTESIAN_POINT('Ctrl Pts',(-8.25194248105752,14.5000401692404,12.));
#1817=CARTESIAN_POINT('Ctrl Pts',(-8.29556662493502,14.5000401692404,11.9913280587348));
#1818=CARTESIAN_POINT('Ctrl Pts',(-8.36404306767939,14.5000401692404,11.9629777317868));
#1819=CARTESIAN_POINT('Ctrl Pts',(-8.40101563039631,14.5000401692404,11.9382886337091));
#1820=CARTESIAN_POINT('Ctrl Pts',(-8.4534095234715,14.5000401692404,11.88592039656));
#1821=CARTESIAN_POINT('Ctrl Pts',(-8.47810687843513,14.5000401692404,11.8489804912255));
#1822=CARTESIAN_POINT('Ctrl Pts',(-8.50645357769983,14.5000401692404,11.780577364403));
#1823=CARTESIAN_POINT('Ctrl Pts',(-8.51512387063576,14.5000401692404,11.7370144572174));
#1824=CARTESIAN_POINT('Ctrl Pts',(-8.51512387063576,14.5000401692404,11.7));
#1825=CARTESIAN_POINT('',(-5.02512626746065,14.5000401692404,12.));
#1826=CARTESIAN_POINT('',(-5.02512626746065,14.5000401692404,12.));
#1827=CARTESIAN_POINT('',(-5.02512626746065,14.5000401692404,10.));
#1828=CARTESIAN_POINT('Origin',(3.97487373415292,15.,11.7));
#1829=CARTESIAN_POINT('',(3.47487373415292,2.5100040032032,11.7));
#1830=CARTESIAN_POINT('',(3.47487373415292,2.81025020765397,12.));
#1831=CARTESIAN_POINT('Ctrl Pts',(3.47487373415292,2.5100040032032,11.7));
#1832=CARTESIAN_POINT('Ctrl Pts',(3.47487373415292,2.5100040032032,11.7370144556723));
#1833=CARTESIAN_POINT('Ctrl Pts',(3.47487373415292,2.5186742965651,11.7805773608826));
#1834=CARTESIAN_POINT('Ctrl Pts',(3.47487373415292,2.54702099739099,11.8489804863502));
#1835=CARTESIAN_POINT('Ctrl Pts',(3.47487373415292,2.5717183546054,11.8859203914662));
#1836=CARTESIAN_POINT('Ctrl Pts',(3.47487373415292,2.62411225314366,11.9382886299506));
#1837=CARTESIAN_POINT('Ctrl Pts',(3.47487373415292,2.66108482089638,11.9629777289506));
#1838=CARTESIAN_POINT('Ctrl Pts',(3.47487373415292,2.72956127408204,11.9913280580437));
#1839=CARTESIAN_POINT('Ctrl Pts',(3.47487373415292,2.77318542583704,12.));
#1840=CARTESIAN_POINT('Ctrl Pts',(3.47487373415292,2.81025020765397,12.));
#1841=CARTESIAN_POINT('Origin',(3.97487373415292,15.,12.));
#1842=CARTESIAN_POINT('Origin',(3.97487373415292,15.,11.7));
#1843=CARTESIAN_POINT('Origin',(3.97487373415292,15.,12.));
#1844=CARTESIAN_POINT('',(3.47487373415291,5.99999964266223,12.));
#1845=CARTESIAN_POINT('',(3.47487373415292,5.99999964266223,12.));
#1846=CARTESIAN_POINT('',(4.47487373415292,5.99999966444535,12.));
#1847=CARTESIAN_POINT('Origin',(3.97487373415292,6.,12.));
#1848=CARTESIAN_POINT('',(4.47487373415292,2.81025020765397,12.));
#1849=CARTESIAN_POINT('',(4.47487373415292,5.99999966444535,12.));
#1850=CARTESIAN_POINT('',(16.1646235264989,14.5,12.));
#1851=CARTESIAN_POINT('Origin',(3.97487373415292,15.,12.));
#1852=CARTESIAN_POINT('',(12.9748739649122,14.5,12.));
#1853=CARTESIAN_POINT('',(12.9748739649122,14.5,12.));
#1854=CARTESIAN_POINT('',(12.9748741678198,15.5,12.));
#1855=CARTESIAN_POINT('Origin',(12.9748737341529,15.,12.));
#1856=CARTESIAN_POINT('',(16.1646235264989,15.5,12.));
#1857=CARTESIAN_POINT('',(12.9748741678198,15.5,12.));
#1858=CARTESIAN_POINT('',(4.47483828595661,27.189751246311,12.));
#1859=CARTESIAN_POINT('Origin',(3.97487373415292,15.,12.));
#1860=CARTESIAN_POINT('',(4.47483828595661,24.0000000012566,12.));
#1861=CARTESIAN_POINT('',(4.47483828595661,24.0000000012566,12.));
#1862=CARTESIAN_POINT('',(3.47483828595661,24.0000000012566,12.));
#1863=CARTESIAN_POINT('Origin',(3.97483828595661,24.0000000012566,12.));
#1864=CARTESIAN_POINT('',(3.47483828595661,27.1897483382778,12.));
#1865=CARTESIAN_POINT('',(3.47483828595661,24.0000000012566,12.));
#1866=CARTESIAN_POINT('',(-8.21487441046213,15.5000401692404,12.));
#1867=CARTESIAN_POINT('Origin',(3.97487373415292,15.,12.));
#1868=CARTESIAN_POINT('',(-5.02512626746065,15.5000401692404,12.));
#1869=CARTESIAN_POINT('',(-5.02512626746065,15.5000401692404,12.));
#1870=CARTESIAN_POINT('Origin',(-5.02512626746065,15.0000401692404,12.));
#1871=CARTESIAN_POINT('Origin',(3.97487373415292,15.,10.3));
#1872=CARTESIAN_POINT('',(16.4648697309497,14.5,10.3));
#1873=CARTESIAN_POINT('Ctrl Pts',(16.1646235264989,14.5,10.));
#1874=CARTESIAN_POINT('Ctrl Pts',(16.2016883083159,14.5,10.));
#1875=CARTESIAN_POINT('Ctrl Pts',(16.2453124600709,14.5,10.0086719419563));
#1876=CARTESIAN_POINT('Ctrl Pts',(16.3137889132565,14.5,10.0370222710494));
#1877=CARTESIAN_POINT('Ctrl Pts',(16.3507614810093,14.5,10.0617113700495));
#1878=CARTESIAN_POINT('Ctrl Pts',(16.4031553795475,14.5,10.1140796085338));
#1879=CARTESIAN_POINT('Ctrl Pts',(16.4278527367619,14.5,10.1510195136498));
#1880=CARTESIAN_POINT('Ctrl Pts',(16.4561994375878,14.5,10.2194226391174));
#1881=CARTESIAN_POINT('Ctrl Pts',(16.4648697309497,14.5,10.2629855443277));
#1882=CARTESIAN_POINT('Ctrl Pts',(16.4648697309497,14.5,10.3));
#1883=CARTESIAN_POINT('',(4.47487373415292,2.5100040032032,10.3));
#1884=CARTESIAN_POINT('Origin',(3.97487373415292,15.,10.3));
#1885=CARTESIAN_POINT('Ctrl Pts',(4.47487373415292,2.5100040032032,10.3));
#1886=CARTESIAN_POINT('Ctrl Pts',(4.47487373415292,2.5100040032032,10.2629855443277));
#1887=CARTESIAN_POINT('Ctrl Pts',(4.47487373415292,2.5186742965651,10.2194226391174));
#1888=CARTESIAN_POINT('Ctrl Pts',(4.47487373415292,2.54702099739099,10.1510195136498));
#1889=CARTESIAN_POINT('Ctrl Pts',(4.47487373415292,2.5717183546054,10.1140796085338));
#1890=CARTESIAN_POINT('Ctrl Pts',(4.47487373415292,2.62411225314366,10.0617113700495));
#1891=CARTESIAN_POINT('Ctrl Pts',(4.47487373415292,2.66108482089638,10.0370222710494));
#1892=CARTESIAN_POINT('Ctrl Pts',(4.47487373415292,2.72956127408204,10.0086719419563));
#1893=CARTESIAN_POINT('Ctrl Pts',(4.47487373415292,2.77318542583704,10.));
#1894=CARTESIAN_POINT('Ctrl Pts',(4.47487373415292,2.81025020765397,10.));
#1895=CARTESIAN_POINT('Origin',(4.47487373415292,5.99999966444535,10.));
#1896=CARTESIAN_POINT('',(4.47487373415292,2.5100040032032,11.7));
#1897=CARTESIAN_POINT('',(4.47487373415292,2.5100040032032,10.));
#1898=CARTESIAN_POINT('Ctrl Pts',(4.47487373415292,2.81025020765397,12.));
#1899=CARTESIAN_POINT('Ctrl Pts',(4.47487373415292,2.77318542583704,12.));
#1900=CARTESIAN_POINT('Ctrl Pts',(4.47487373415292,2.72956127408204,11.9913280580437));
#1901=CARTESIAN_POINT('Ctrl Pts',(4.47487373415292,2.66108482089638,11.9629777289506));
#1902=CARTESIAN_POINT('Ctrl Pts',(4.47487373415292,2.62411225314366,11.9382886299506));
#1903=CARTESIAN_POINT('Ctrl Pts',(4.47487373415292,2.5717183546054,11.8859203914662));
#1904=CARTESIAN_POINT('Ctrl Pts',(4.47487373415292,2.54702099739099,11.8489804863502));
#1905=CARTESIAN_POINT('Ctrl Pts',(4.47487373415292,2.5186742965651,11.7805773608826));
#1906=CARTESIAN_POINT('Ctrl Pts',(4.47487373415292,2.5100040032032,11.7370144556723));
#1907=CARTESIAN_POINT('Ctrl Pts',(4.47487373415292,2.5100040032032,11.7));
#1908=CARTESIAN_POINT('',(4.47487373415292,5.99999966444535,10.));
#1909=CARTESIAN_POINT('Origin',(3.97487373415292,15.,11.7));
#1910=CARTESIAN_POINT('',(16.4648697309497,14.5,11.7));
#1911=CARTESIAN_POINT('Ctrl Pts',(16.4648697309497,14.5,11.7));
#1912=CARTESIAN_POINT('Ctrl Pts',(16.4648697309497,14.5,11.7370144556723));
#1913=CARTESIAN_POINT('Ctrl Pts',(16.4561994375878,14.5,11.7805773608826));
#1914=CARTESIAN_POINT('Ctrl Pts',(16.4278527367619,14.5,11.8489804863502));
#1915=CARTESIAN_POINT('Ctrl Pts',(16.4031553795475,14.5,11.8859203914662));
#1916=CARTESIAN_POINT('Ctrl Pts',(16.3507614810093,14.5,11.9382886299506));
#1917=CARTESIAN_POINT('Ctrl Pts',(16.3137889132565,14.5,11.9629777289506));
#1918=CARTESIAN_POINT('Ctrl Pts',(16.2453124600709,14.5,11.9913280580437));
#1919=CARTESIAN_POINT('Ctrl Pts',(16.2016883083159,14.5,12.));
#1920=CARTESIAN_POINT('Ctrl Pts',(16.1646235264989,14.5,12.));
#1921=CARTESIAN_POINT('Origin',(3.97487373415292,15.,11.7));
#1922=CARTESIAN_POINT('Origin',(3.97487373415292,15.,10.3));
#1923=CARTESIAN_POINT('',(4.47483828595661,27.48999741581,10.3));
#1924=CARTESIAN_POINT('Ctrl Pts',(4.47483828595661,27.189751246311,10.));
#1925=CARTESIAN_POINT('Ctrl Pts',(4.47483828595661,27.2268160223469,10.));
#1926=CARTESIAN_POINT('Ctrl Pts',(4.47483828595661,27.2704401671502,10.0086719413464));
#1927=CARTESIAN_POINT('Ctrl Pts',(4.47483828595661,27.3389166111217,10.0370222685466));
#1928=CARTESIAN_POINT('Ctrl Pts',(4.47483828595661,27.3758891744304,10.0617113667327));
#1929=CARTESIAN_POINT('Ctrl Pts',(4.47483828595661,27.4282830681477,10.1140796040387));
#1930=CARTESIAN_POINT('Ctrl Pts',(4.47483828595661,27.4529804233758,10.1510195093475));
#1931=CARTESIAN_POINT('Ctrl Pts',(4.47483828595661,27.481327122824,10.2194226360107));
#1932=CARTESIAN_POINT('Ctrl Pts',(4.47483828595661,27.48999741581,10.2629855429642));
#1933=CARTESIAN_POINT('Ctrl Pts',(4.47483828595661,27.48999741581,10.3));
#1934=CARTESIAN_POINT('',(16.4648697309497,15.5,10.3));
#1935=CARTESIAN_POINT('Origin',(3.97487373415292,15.,10.3));
#1936=CARTESIAN_POINT('Ctrl Pts',(16.4648697309497,15.5,10.3));
#1937=CARTESIAN_POINT('Ctrl Pts',(16.4648697309497,15.5,10.2629855443277));
#1938=CARTESIAN_POINT('Ctrl Pts',(16.4561994375878,15.5,10.2194226391174));
#1939=CARTESIAN_POINT('Ctrl Pts',(16.4278527367619,15.5,10.1510195136498));
#1940=CARTESIAN_POINT('Ctrl Pts',(16.4031553795475,15.5,10.1140796085338));
#1941=CARTESIAN_POINT('Ctrl Pts',(16.3507614810093,15.5,10.0617113700495));
#1942=CARTESIAN_POINT('Ctrl Pts',(16.3137889132565,15.5,10.0370222710494));
#1943=CARTESIAN_POINT('Ctrl Pts',(16.2453124600709,15.5,10.0086719419563));
#1944=CARTESIAN_POINT('Ctrl Pts',(16.2016883083159,15.5,10.));
#1945=CARTESIAN_POINT('Ctrl Pts',(16.1646235264989,15.5,10.));
#1946=CARTESIAN_POINT('Origin',(12.9748741678198,15.5,10.));
#1947=CARTESIAN_POINT('',(16.4648697309497,15.5,11.7));
#1948=CARTESIAN_POINT('',(16.4648697309497,15.5,10.));
#1949=CARTESIAN_POINT('Ctrl Pts',(16.1646235264989,15.5,12.));
#1950=CARTESIAN_POINT('Ctrl Pts',(16.2016883083159,15.5,12.));
#1951=CARTESIAN_POINT('Ctrl Pts',(16.2453124600709,15.5,11.9913280580437));
#1952=CARTESIAN_POINT('Ctrl Pts',(16.3137889132565,15.5,11.9629777289506));
#1953=CARTESIAN_POINT('Ctrl Pts',(16.3507614810093,15.5,11.9382886299506));
#1954=CARTESIAN_POINT('Ctrl Pts',(16.4031553795475,15.5,11.8859203914662));
#1955=CARTESIAN_POINT('Ctrl Pts',(16.4278527367619,15.5,11.8489804863502));
#1956=CARTESIAN_POINT('Ctrl Pts',(16.4561994375878,15.5,11.7805773608826));
#1957=CARTESIAN_POINT('Ctrl Pts',(16.4648697309497,15.5,11.7370144556723));
#1958=CARTESIAN_POINT('Ctrl Pts',(16.4648697309497,15.5,11.7));
#1959=CARTESIAN_POINT('',(12.9748741678198,15.5,10.));
#1960=CARTESIAN_POINT('Origin',(3.97487373415292,15.,11.7));
#1961=CARTESIAN_POINT('',(4.47483828595661,27.48999741581,11.7));
#1962=CARTESIAN_POINT('Ctrl Pts',(4.47483828595661,27.48999741581,11.7));
#1963=CARTESIAN_POINT('Ctrl Pts',(4.47483828595661,27.48999741581,11.7370144570358));
#1964=CARTESIAN_POINT('Ctrl Pts',(4.47483828595661,27.481327122824,11.7805773639893));
#1965=CARTESIAN_POINT('Ctrl Pts',(4.47483828595661,27.4529804233758,11.8489804906525));
#1966=CARTESIAN_POINT('Ctrl Pts',(4.47483828595661,27.4282830681477,11.8859203959613));
#1967=CARTESIAN_POINT('Ctrl Pts',(4.47483828595661,27.3758891744304,11.9382886332673));
#1968=CARTESIAN_POINT('Ctrl Pts',(4.47483828595661,27.3389166111217,11.9629777314534));
#1969=CARTESIAN_POINT('Ctrl Pts',(4.47483828595661,27.2704401671502,11.9913280586536));
#1970=CARTESIAN_POINT('Ctrl Pts',(4.47483828595661,27.2268160223469,12.));
#1971=CARTESIAN_POINT('Ctrl Pts',(4.47483828595661,27.189751246311,12.));
#1972=CARTESIAN_POINT('Origin',(3.97487373415292,15.,11.7));
#1973=CARTESIAN_POINT('Origin',(3.97487373415292,15.,10.3));
#1974=CARTESIAN_POINT('',(-8.51512065452261,15.5000401692404,10.3));
#1975=CARTESIAN_POINT('Ctrl Pts',(-8.21487441046213,15.5000401692404,10.));
#1976=CARTESIAN_POINT('Ctrl Pts',(-8.25193919883051,15.5000401692404,10.));
#1977=CARTESIAN_POINT('Ctrl Pts',(-8.29556335846365,15.5000401692404,10.0086719426476));
#1978=CARTESIAN_POINT('Ctrl Pts',(-8.36403982209144,15.5000401692404,10.0370222738858));
#1979=CARTESIAN_POINT('Ctrl Pts',(-8.40101239488035,15.5000401692404,10.0617113738083));
#1980=CARTESIAN_POINT('Ctrl Pts',(-8.45340629888212,15.5000401692404,10.114079613628));
#1981=CARTESIAN_POINT('Ctrl Pts',(-8.4781036583475,15.5000401692404,10.1510195185255));
#1982=CARTESIAN_POINT('Ctrl Pts',(-8.50645036073472,15.5000401692404,10.2194226426381));
#1983=CARTESIAN_POINT('Ctrl Pts',(-8.51512065452261,15.5000401692404,10.262985545873));
#1984=CARTESIAN_POINT('Ctrl Pts',(-8.51512065452261,15.5000401692404,10.3));
#1985=CARTESIAN_POINT('',(3.47483828595661,27.4899945776829,10.3));
#1986=CARTESIAN_POINT('Origin',(3.97487373415292,15.,10.3));
#1987=CARTESIAN_POINT('Ctrl Pts',(3.47483828595661,27.4899945776829,10.3));
#1988=CARTESIAN_POINT('Ctrl Pts',(3.47483828595661,27.4899945776829,10.2629855456914));
#1989=CARTESIAN_POINT('Ctrl Pts',(3.47483828595661,27.481324283945,10.2194226422243));
#1990=CARTESIAN_POINT('Ctrl Pts',(3.47483828595661,27.4529775817413,10.1510195179524));
#1991=CARTESIAN_POINT('Ctrl Pts',(3.47483828595661,27.4282802225405,10.1140796130293));
#1992=CARTESIAN_POINT('Ctrl Pts',(3.47483828595661,27.3758863191809,10.0617113733665));
#1993=CARTESIAN_POINT('Ctrl Pts',(3.47483828595661,27.3389137469839,10.0370222735524));
#1994=CARTESIAN_POINT('Ctrl Pts',(3.47483828595661,27.2704372845834,10.0086719425663));
#1995=CARTESIAN_POINT('Ctrl Pts',(3.47483828595661,27.2268131258762,10.));
#1996=CARTESIAN_POINT('Ctrl Pts',(3.47483828595661,27.1897483382778,10.));
#1997=CARTESIAN_POINT('Origin',(3.97487373415292,15.,10.));
#1998=CARTESIAN_POINT('',(-8.51512065452261,15.5000401692404,11.7));
#1999=CARTESIAN_POINT('',(-8.51512065452261,15.5000401692404,10.));
#2000=CARTESIAN_POINT('',(3.47483828595661,27.4899945776829,11.7));
#2001=CARTESIAN_POINT('Origin',(3.97487373415292,15.,11.7));
#2002=CARTESIAN_POINT('',(3.47483828595661,27.4899945776829,10.));
#2003=CARTESIAN_POINT('Origin',(-8.51512065452261,15.5000401692404,10.));
#2004=CARTESIAN_POINT('',(-5.02512626746065,15.5000401692404,10.));
#2005=CARTESIAN_POINT('Ctrl Pts',(-8.51512065452261,15.5000401692404,11.7));
#2006=CARTESIAN_POINT('Ctrl Pts',(-8.51512065452261,15.5000401692404,11.737014454127));
#2007=CARTESIAN_POINT('Ctrl Pts',(-8.50645036073471,15.5000401692404,11.7805773573619));
#2008=CARTESIAN_POINT('Ctrl Pts',(-8.4781036583475,15.5000401692404,11.8489804814745));
#2009=CARTESIAN_POINT('Ctrl Pts',(-8.45340629888212,15.5000401692404,11.885920386372));
#2010=CARTESIAN_POINT('Ctrl Pts',(-8.40101239488036,15.5000401692404,11.9382886261918));
#2011=CARTESIAN_POINT('Ctrl Pts',(-8.36403982209144,15.5000401692404,11.9629777261143));
#2012=CARTESIAN_POINT('Ctrl Pts',(-8.29556335846366,15.5000401692404,11.9913280573524));
#2013=CARTESIAN_POINT('Ctrl Pts',(-8.25193919883051,15.5000401692404,12.));
#2014=CARTESIAN_POINT('Ctrl Pts',(-8.21487441046213,15.5000401692404,12.));
#2015=CARTESIAN_POINT('Origin',(3.97487373415292,15.,11.7));
#2016=CARTESIAN_POINT('Ctrl Pts',(3.47483828595661,27.1897483382778,12.));
#2017=CARTESIAN_POINT('Ctrl Pts',(3.47483828595661,27.2268131258762,12.));
#2018=CARTESIAN_POINT('Ctrl Pts',(3.47483828595661,27.2704372845834,11.9913280574337));
#2019=CARTESIAN_POINT('Ctrl Pts',(3.47483828595661,27.3389137469839,11.9629777264476));
#2020=CARTESIAN_POINT('Ctrl Pts',(3.47483828595661,27.3758863191809,11.9382886266335));
#2021=CARTESIAN_POINT('Ctrl Pts',(3.47483828595661,27.4282802225405,11.8859203869707));
#2022=CARTESIAN_POINT('Ctrl Pts',(3.47483828595661,27.4529775817413,11.8489804820476));
#2023=CARTESIAN_POINT('Ctrl Pts',(3.47483828595661,27.481324283945,11.7805773577757));
#2024=CARTESIAN_POINT('Ctrl Pts',(3.47483828595661,27.4899945776829,11.7370144543086));
#2025=CARTESIAN_POINT('Ctrl Pts',(3.47483828595661,27.4899945776829,11.7));
#2026=CARTESIAN_POINT('Origin',(16.4648697309497,14.5,10.));
#2027=CARTESIAN_POINT('',(12.9748739649122,14.5,10.));
#2028=CARTESIAN_POINT('',(16.4648697309497,14.5,10.));
#2029=CARTESIAN_POINT('Origin',(3.97487373415292,15.,10.));
#2030=CARTESIAN_POINT('Origin',(3.97487373415292,6.,10.));
#2031=CARTESIAN_POINT('',(3.47487373415292,5.99999964266223,10.));
#2032=CARTESIAN_POINT('Origin',(3.47487373415292,2.5100040032032,10.));
#2033=CARTESIAN_POINT('',(3.47487373415292,2.5100040032032,10.));
#2034=CARTESIAN_POINT('Origin',(3.97487373415292,15.,10.));
#2035=CARTESIAN_POINT('Origin',(-5.02512626746065,15.0000401692404,10.));
#2036=CARTESIAN_POINT('Origin',(3.47483828595661,24.0000000012566,10.));
#2037=CARTESIAN_POINT('',(3.47483828595661,24.0000000012566,10.));
#2038=CARTESIAN_POINT('Origin',(3.97483828595661,24.0000000012566,10.));
#2039=CARTESIAN_POINT('',(4.47483828595661,24.0000000012566,10.));
#2040=CARTESIAN_POINT('Origin',(4.47483828595661,27.48999741581,10.));
#2041=CARTESIAN_POINT('',(4.47483828595661,27.48999741581,10.));
#2042=CARTESIAN_POINT('Origin',(3.97487373415292,15.,10.));
#2043=CARTESIAN_POINT('Origin',(12.9748737341529,15.,10.));
#2044=CARTESIAN_POINT('Origin',(3.97487373415292,15.,5.00000000000001));
#2045=CARTESIAN_POINT('',(11.4748737341529,15.,5.00000000000001));
#2046=CARTESIAN_POINT('',(11.4748737341529,15.,5.00000000000001));
#2047=CARTESIAN_POINT('Origin',(3.97487373415292,15.,5.00000000000002));
#2048=CARTESIAN_POINT('Origin',(-8.64213562373095,15.,-3.064));
#2049=CARTESIAN_POINT('',(-9.19238815543095,17.117,-3.064));
#2050=CARTESIAN_POINT('Origin',(-9.19238815542512,15.,-3.064));
#2051=CARTESIAN_POINT('',(-3.064,17.117,-3.064));
#2052=CARTESIAN_POINT('',(-8.64213562373095,17.117,-3.064));
#2053=CARTESIAN_POINT('Origin',(-3.064,15.,-3.064));
#2054=CARTESIAN_POINT('Origin',(14.142135623731,0.,-14.1421356237309));
#2055=CARTESIAN_POINT('',(0.,0.,0.));
#2056=CARTESIAN_POINT('Origin',(-9.19238815542512,0.,5.00000000000002));
#2057=CARTESIAN_POINT('',(-9.19238815542512,0.,5.00000000000002));
#2058=CARTESIAN_POINT('Origin',(-9.19238815542512,0.,-9.19238815542512));
#2059=CARTESIAN_POINT('',(-9.19238815542512,0.,-9.19238815542512));
#2060=CARTESIAN_POINT('Origin',(0.,0.,0.));
#2061=CARTESIAN_POINT('Origin',(-12.2404851942814,0.5,-17.1776695296637));
#2062=CARTESIAN_POINT('',(-10.6066017177982,0.5,-17.6776695296637));
#2063=CARTESIAN_POINT('',(-11.1066017177982,0.,-17.1776695296637));
#2064=CARTESIAN_POINT('Origin',(-11.1066017177982,0.5,-17.1776695296637));
#2065=CARTESIAN_POINT('',(-16.642135623731,0.,-17.1776695296637));
#2066=CARTESIAN_POINT('',(-12.2404851942814,0.,-17.1776695296637));
#2067=CARTESIAN_POINT('',(-16.642135623731,0.5,-17.6776695296637));
#2068=CARTESIAN_POINT('Origin',(-16.642135623731,0.5,-17.1776695296637));
#2069=CARTESIAN_POINT('',(-12.2404851942814,0.5,-17.6776695296637));
#2070=CARTESIAN_POINT('Origin',(-16.642135623731,0.5,-17.1776695296637));
#2071=CARTESIAN_POINT('',(-17.142135623731,0.5,-17.1776695296637));
#2072=CARTESIAN_POINT('Origin',(-16.642135623731,0.5,-17.1776695296637));
#2073=CARTESIAN_POINT('Origin',(-16.642135623731,0.5,-17.1776695296637));
#2074=CARTESIAN_POINT('Origin',(-13.8743686707646,0.,-6.33883476483183));
#2075=CARTESIAN_POINT('',(-14.142135623731,0.,-14.1421356237309));
#2076=CARTESIAN_POINT('',(-1.33226762955019E-14,0.,-28.2842712474619));
#2077=CARTESIAN_POINT('',(-12.0208152801713,0.,-12.0208152801713));
#2078=CARTESIAN_POINT('',(-14.142135623731,0.,-14.1421356237309));
#2079=CARTESIAN_POINT('',(-12.0208152801713,0.,4.50000000000002));
#2080=CARTESIAN_POINT('',(-12.0208152801713,0.,-12.0208152801713));
#2081=CARTESIAN_POINT('',(-16.642135623731,0.,4.50000000000002));
#2082=CARTESIAN_POINT('',(-15.5082521472478,0.,4.50000000000002));
#2083=CARTESIAN_POINT('',(-16.642135623731,0.,-12.0082521472478));
#2084=CARTESIAN_POINT('Origin',(-14.142135623731,0.,-14.1421356237309));
#2085=CARTESIAN_POINT('',(-10.6066017177982,29.5,-17.6776695296637));
#2086=CARTESIAN_POINT('',(-10.6066017177982,0.,-17.6776695296637));
#2087=CARTESIAN_POINT('',(-11.1066017177982,30.,-17.1776695296637));
#2088=CARTESIAN_POINT('Origin',(-11.1066017177982,29.5,-17.1776695296637));
#2089=CARTESIAN_POINT('',(-14.142135623731,30.,-14.1421356237309));
#2090=CARTESIAN_POINT('',(-1.33226762955019E-14,30.,-28.2842712474619));
#2091=CARTESIAN_POINT('',(-14.142135623731,0.,-14.1421356237309));
#2092=CARTESIAN_POINT('Origin',(-10.6066017177982,0.,-17.6776695296637));
#2093=CARTESIAN_POINT('',(-16.642135623731,29.5,-17.6776695296637));
#2094=CARTESIAN_POINT('',(-16.642135623731,0.,-17.6776695296637));
#2095=CARTESIAN_POINT('',(-12.2404851942814,29.5,-17.6776695296637));
#2096=CARTESIAN_POINT('Origin',(-12.2404851942814,29.5,-17.1776695296637));
#2097=CARTESIAN_POINT('',(-16.642135623731,30.,-17.1776695296637));
#2098=CARTESIAN_POINT('Origin',(-16.642135623731,29.5,-17.1776695296637));
#2099=CARTESIAN_POINT('',(-12.2404851942814,30.,-17.1776695296637));
#2100=CARTESIAN_POINT('Origin',(-16.642135623731,29.5,-17.1776695296637));
#2101=CARTESIAN_POINT('',(-17.142135623731,29.5,-17.1776695296637));
#2102=CARTESIAN_POINT('Origin',(-16.642135623731,29.5,-17.1776695296637));
#2103=CARTESIAN_POINT('Origin',(-16.642135623731,29.5,-17.1776695296637));
#2104=CARTESIAN_POINT('Origin',(-13.8743686707646,30.,-6.33883476483183));
#2105=CARTESIAN_POINT('',(-16.642135623731,30.,4.50000000000002));
#2106=CARTESIAN_POINT('',(-16.642135623731,30.,-12.0082521472478));
#2107=CARTESIAN_POINT('',(-12.0208152801713,30.,4.50000000000002));
#2108=CARTESIAN_POINT('',(-15.5082521472478,30.,4.50000000000002));
#2109=CARTESIAN_POINT('',(-12.0208152801713,30.,-12.0208152801713));
#2110=CARTESIAN_POINT('',(-12.0208152801713,30.,-12.0208152801713));
#2111=CARTESIAN_POINT('',(-14.142135623731,30.,-14.1421356237309));
#2112=CARTESIAN_POINT('Origin',(-16.642135623731,29.5,4.50000000000002));
#2113=CARTESIAN_POINT('',(-17.142135623731,29.5,4.50000000000002));
#2114=CARTESIAN_POINT('Origin',(-16.642135623731,29.5,4.50000000000002));
#2115=CARTESIAN_POINT('',(-16.642135623731,29.5,5.00000000000002));
#2116=CARTESIAN_POINT('Origin',(-16.642135623731,29.5,4.50000000000002));
#2117=CARTESIAN_POINT('Origin',(-16.642135623731,29.5,4.50000000000002));
#2118=CARTESIAN_POINT('Origin',(-16.642135623731,0.5,4.50000000000002));
#2119=CARTESIAN_POINT('',(-17.142135623731,0.5,4.50000000000002));
#2120=CARTESIAN_POINT('',(-16.642135623731,0.5,5.00000000000002));
#2121=CARTESIAN_POINT('Origin',(-16.642135623731,0.5,4.50000000000002));
#2122=CARTESIAN_POINT('Origin',(-16.642135623731,0.5,4.50000000000002));
#2123=CARTESIAN_POINT('Origin',(-16.642135623731,0.5,4.50000000000002));
#2124=CARTESIAN_POINT('Origin',(-16.642135623731,0.5,-12.0082521472478));
#2125=CARTESIAN_POINT('',(-17.142135623731,0.5,-12.0082521472478));
#2126=CARTESIAN_POINT('Origin',(-15.5082521472478,0.5,4.50000000000002));
#2127=CARTESIAN_POINT('',(-12.0208152801713,0.5,5.00000000000001));
#2128=CARTESIAN_POINT('Origin',(-12.0208152801713,0.5,4.50000000000002));
#2129=CARTESIAN_POINT('',(-15.5082521472478,0.5,5.00000000000002));
#2130=CARTESIAN_POINT('Origin',(-16.642135623731,0.,4.50000000000002));
#2131=CARTESIAN_POINT('',(-17.142135623731,0.,4.50000000000002));
#2132=CARTESIAN_POINT('',(-16.642135623731,0.,5.00000000000002));
#2133=CARTESIAN_POINT('Origin',(-15.5082521472478,29.5,4.50000000000002));
#2134=CARTESIAN_POINT('',(-12.0208152801713,29.5,5.00000000000001));
#2135=CARTESIAN_POINT('Origin',(-12.0208152801713,29.5,4.50000000000002));
#2136=CARTESIAN_POINT('',(-15.5082521472478,29.5,5.00000000000002));
#2137=CARTESIAN_POINT('Origin',(-16.642135623731,29.5,-12.0082521472478));
#2138=CARTESIAN_POINT('',(-17.142135623731,29.5,-12.0082521472478));
#2139=CARTESIAN_POINT('Origin',(-16.642135623731,0.,-17.1776695296637));
#2140=CARTESIAN_POINT('',(-17.142135623731,0.,-17.1776695296637));
#2141=CARTESIAN_POINT('Origin',(-17.142135623731,0.,-17.6776695296637));
#2142=CARTESIAN_POINT('',(-17.142135623731,17.75,-3.064));
#2143=CARTESIAN_POINT('Origin',(-17.142135623731,15.,-3.064));
#2144=CARTESIAN_POINT('Origin',(-13.167261889581,15.,-3.064));
#2145=CARTESIAN_POINT('',(-12.0208152801713,17.75,-3.064));
#2146=CARTESIAN_POINT('',(-13.167261889581,17.75,-3.064));
#2147=CARTESIAN_POINT('Origin',(-12.0208152801713,15.,-3.064));
#2148=CARTESIAN_POINT('Origin',(-12.0208152801713,0.,-12.0208152801713));
#2149=CARTESIAN_POINT('',(-12.0208152801713,0.,-12.0208152801713));
#2150=CARTESIAN_POINT('Origin',(-12.0208152801713,0.,5.00000000000001));
#2151=CARTESIAN_POINT('',(-12.0208152801713,0.,5.00000000000001));
#2152=CARTESIAN_POINT('Origin',(-17.142135623731,0.,5.00000000000002));
#2153=UNCERTAINTY_MEASURE_WITH_UNIT(LENGTH_MEASURE(0.01),#2157,
'DISTANCE_ACCURACY_VALUE',
'Maximum model space distance between geometric entities at asserted c
onnectivities');
#2154=UNCERTAINTY_MEASURE_WITH_UNIT(LENGTH_MEASURE(0.01),#2157,
'DISTANCE_ACCURACY_VALUE',
'Maximum model space distance between geometric entities at asserted c
onnectivities');
#2155=(
GEOMETRIC_REPRESENTATION_CONTEXT(3)
GLOBAL_UNCERTAINTY_ASSIGNED_CONTEXT((#2153))
GLOBAL_UNIT_ASSIGNED_CONTEXT((#2157,#2158,#2159))
REPRESENTATION_CONTEXT('','3D')
);
#2156=(
GEOMETRIC_REPRESENTATION_CONTEXT(3)
GLOBAL_UNCERTAINTY_ASSIGNED_CONTEXT((#2154))
GLOBAL_UNIT_ASSIGNED_CONTEXT((#2157,#2158,#2159))
REPRESENTATION_CONTEXT('','3D')
);
#2157=(
LENGTH_UNIT()
NAMED_UNIT(*)
SI_UNIT(.MILLI.,.METRE.)
);
#2158=(
NAMED_UNIT(*)
PLANE_ANGLE_UNIT()
SI_UNIT($,.RADIAN.)
);
#2159=(
NAMED_UNIT(*)
SI_UNIT($,.STERADIAN.)
SOLID_ANGLE_UNIT()
);
#2160=SHAPE_DEFINITION_REPRESENTATION(#2161,#2162);
#2161=PRODUCT_DEFINITION_SHAPE('',$,#2164);
#2162=SHAPE_REPRESENTATION('',(#1177),#2155);
#2163=PRODUCT_DEFINITION_CONTEXT('part definition',#2168,'design');
#2164=PRODUCT_DEFINITION('string retractor holders',
'string retractor holders v30',#2165,#2163);
#2165=PRODUCT_DEFINITION_FORMATION('',$,#2170);
#2166=PRODUCT_RELATED_PRODUCT_CATEGORY('string retractor holders v30',
'string retractor holders v30',(#2170));
#2167=APPLICATION_PROTOCOL_DEFINITION('international standard',
'automotive_design',2009,#2168);
#2168=APPLICATION_CONTEXT(
'Core Data for Automotive Mechanical Design Process');
#2169=PRODUCT_CONTEXT('part definition',#2168,'mechanical');
#2170=PRODUCT('string retractor holders','string retractor holders v30',
$,(#2169));
#2171=PRESENTATION_STYLE_ASSIGNMENT((#2172));
#2172=SURFACE_STYLE_USAGE(.BOTH.,#2173);
#2173=SURFACE_SIDE_STYLE('',(#2174));
#2174=SURFACE_STYLE_FILL_AREA(#2175);
#2175=FILL_AREA_STYLE('Steel - Satin',(#2176));
#2176=FILL_AREA_STYLE_COLOUR('Steel - Satin',#2177);
#2177=COLOUR_RGB('Steel - Satin',0.627450980392157,0.627450980392157,0.627450980392157);
ENDSEC;
END-ISO-10303-21;
